
=== open /dev/ttyUSB0 9600 8N1 at 2026-07-27T11:41:57.406272704+02:00
       0.065 CFG   read timeout 500ms
    1001.410 BRK   low for 400ms requested, 400.899ms actual
    1803.339 BRK   low for 200ms requested, 201.288ms actual
    2205.405 BRK   low for 600ms requested, 601.390ms actual
    3007.725 RX    00 00 00
    3102.816 RX    55
    3118.680 RX    76
    3134.813 RX    83
    3165.184 TX    7C
    3182.781 RX    7C
    3215.748 RX    E9
    3215.808 CFG   read timeout 0s
    3276.541 TX    CA
    3286.763 RX    CA
    3296.954 RX    CA
    3296.984 TX    75
    3317.502 RX    75 75
    3317.538 TX    F4
    3327.863 RX    F4 F4 00
    3327.991 TX    D0
    3348.528 RX    D0 D0 C7 00 06 CB
    3348.603 TX    80
    3358.765 RX    80 80 1C
    3379.228 RX    00 00 86 72 72 FF
    3399.635 RX    65 78 25 00
    3409.834 RX    80 01 00 00 00
    3430.535 RX    1D 81 4F 03 6B 00
    3440.705 RX    30 0C B2 00 00 00
    3440.750 TX    7D
    3461.073 RX    7D 7D 21 40 0A
    3471.354 RX    FF 91 00 58
    3491.838 RX    FF FF 01 00 89
    3512.330 RX    64 00 00 29 FF
    3522.616 RX    00 30 80 7C 95 00
    3543.025 RX    26 00 26 00 26 00 26 00 00
    3553.285 RX    00
    3553.356 TX    80
    3573.923 RX    80 80 1C 00 00
    3584.110 RX    86 72 72 FF 65
    3604.620 RX    78 25 00 80 01
    3614.800 RX    00 00 00 1D 81
    3635.188 RX    4F 03 6B 00 30
    3655.598 RX    0C B2 00 00 00
    3655.640 TX    7D
    3665.834 RX    7D 7D
    3686.287 RX    21 40 0A FF 91
    3696.494 RX    00 58 FF FF 01
    3716.929 RX    00 89 64 00 00
    3727.256 RX    29 FF 00 30
    3747.699 RX    80 7C 95 00 26 00 26 00
    3768.084 RX    26 00 26 00 00 00
    3768.128 TX    80
    3778.435 RX    80 80
    3798.811 RX    1C 00 00 86 72 72
    3808.999 RX    FF 65 78 25 00
    3829.431 RX    80 01 00 00
    3839.628 RX    00 1D 81 4F 03 6B
    3860.031 RX    00 30 0C B2 00 00
    3870.401 RX    00
    3870.458 TX    7D
    3890.947 RX    7D 7D 21 40 0A
    3911.505 RX    FF 91 00 58
    3921.694 RX    FF FF 01 00 89
    3942.076 RX    64 00 00 29 FF
    3952.265 RX    00 30 80 7C 95 00
    3972.711 RX    26 00 26 00 26 00 26 00 00
    3982.896 RX    00
    3982.933 TX    80
    4003.288 RX    80 80 1C 00 00
    4023.642 RX    86 72 72 FF 65
    4034.194 RX    78 25 00 80 01
    4054.979 RX    00 00 00 1D 81
    4065.222 RX    4F 03 6B 00 30 0C
    4085.782 RX    B2 00 00 00
    4085.865 TX    7D
    4096.083 RX    7D 7D
    4116.512 RX    21 40 0A FF 91
    4126.702 RX    00 58 FF FF 01
    4147.153 RX    00 89 64 00 00
    4167.515 RX    29 FF 00 30
    4177.697 RX    80 7C 95 00 26 00 26 00
    4198.085 RX    26 00 26 00 00 00
    4198.131 TX    80
    4208.309 RX    80 80 1C
    4228.656 RX    00 00 86 72 72 FF
    4238.847 RX    65 78 25 00 80
    4259.260 RX    01 00 00 00
    4279.777 RX    1D 81 4F 03 6B 00
    4289.956 RX    30 0C B2 00 00 00
    4290.004 TX    7D
    4310.547 RX    7D 7D 21 40
    4320.766 RX    0A FF 91 00 58
    4341.254 RX    FF FF 01 00
    4351.470 RX    89 64 00 00 29
    4371.859 RX    FF 00 30 80 7C 95
    4392.311 RX    00 26 00 26 00 26 00 26
    4402.499 RX    00 00 00
    4402.549 TX    80
    4422.896 RX    80 80 1C 00
    4433.071 RX    00 86 72 72 FF
    4453.419 RX    65 78 25 00 80
    4463.581 RX    01 00 00 00 1D
    4484.012 RX    81 4F 03 6B 00 30
    4494.289 RX    0C B2 00 00 00
    4494.335 TX    7D
    4514.657 RX    7D 7D 21 40 0A
    4534.981 RX    FF 91 00 58 FF
    4545.164 RX    FF 01 00 89 64
    4565.476 RX    00 00 29 FF 00
    4575.647 RX    30 80 7C 95 00
    4595.976 RX    26 00 26 00 26 00 26 00 00
    4606.155 RX    00
    4606.199 TX    80
    4626.513 RX    80 80 1C 00 00 86
    4646.846 RX    72 72 FF 65 78
    4657.023 RX    25 00 80 01 00
    4677.386 RX    00 00 1D 81
    4687.554 RX    4F 03 6B 00 30 0C B2
    4707.875 RX    00 00 00
    4707.909 TX    7D
    4728.327 RX    7D 7D 21
    4738.508 RX    40 0A FF 91 00
    4758.838 RX    58 FF FF 01
    4769.013 RX    00 89 64 00 00
    4789.365 RX    29 FF 00 30 80
    4799.534 RX    7C 95 00 26 00 26 00 26 00
    4819.857 RX    26 00 00 00
    4819.944 TX    80
    4830.298 RX    80 80 1C 00
    4850.753 RX    00 86 72 72 FF
    4871.094 RX    65 78 25 00 80
    4881.304 RX    01 00 00 00 1D
    4901.633 RX    81 4F 03 6B 00 30
    4911.800 RX    0C B2 00 00 00
    4911.834 TX    7D
    4932.146 RX    7D 7D 21 40
    4942.307 RX    0A FF 91 00 58
    4962.650 RX    FF FF 01 00 89
    4982.996 RX    64 00 00 29 FF
    4993.172 RX    00 30 80 7C 95 00
    5013.567 RX    26 00 26 00 26 00 26 00
    5023.748 RX    00 00
    5023.782 TX    80
    5044.101 RX    80 80 1C 00 00
    5054.303 RX    86 72 72 FF 65
    5074.650 RX    78 25 00 80 01
    5095.008 RX    00 00 00 1D 81
    5105.212 RX    4F 03 6B 00 30
    5125.601 RX    0C B2 00 00 00
    5125.647 TX    7D
    5135.816 RX    7D 7D 21
    5156.186 RX    40 0A FF 91 00
    5166.380 RX    58 FF FF 01 00
    5186.722 RX    89 64 00 00
    5207.137 RX    29 FF 00 30 80
    5217.308 RX    7C 95 00 26 00 26 00 26 00
    5237.683 RX    26 00 00 00
    5237.740 TX    80
    5247.907 RX    80 80 1C
    5268.253 RX    00 00 86 72 72 FF
    5278.453 RX    65 78 25 00
    5298.870 RX    80 01 00 00 00
    5319.307 RX    1D 81 4F 03 6B 00
    5329.480 RX    30 0C B2 00 00 00
    5329.526 TX    7D
    5349.852 RX    7D 7D 21 40
    5360.065 RX    0A FF 91 00
    5380.453 RX    58 FF FF 01 00
    5390.641 RX    89 64 00 00 29
    5410.998 RX    FF 00 30 80 7C
    5431.314 RX    95 00 26 00 26 00 26 00 26
    5441.484 RX    00 00 00
    5441.530 TX    80
    5461.837 RX    80 80 1C 00 00
    5472.006 RX    86 72 72 FF 65
    5492.397 RX    78 25 00 80 01
    5502.602 RX    00 00 00 1D 81
    5522.950 RX    4F 03 6B 00 30
    5543.308 RX    0C B2 00 00 00
    5543.354 TX    7D
    5553.519 RX    7D 7D
    5573.886 RX    21 40 0A FF 91
    5584.097 RX    00 58 FF FF 01
    5604.460 RX    00 89 64 00
    5614.636 RX    00 29 FF 00 30
    5634.961 RX    80 7C 95 00 26 00 26 00
    5655.321 RX    26 00 26 00 00 00
    5655.375 TX    80
    5665.535 RX    80 80
    5685.898 RX    1C 00 00 86 72 72
    5696.109 RX    FF 65 78 25
    5716.475 RX    00 80 01 00 00
    5726.637 RX    00 1D 81 4F 03 6B
    5746.983 RX    00 30 0C B2 00 00
    5767.621 RX    00
    5767.658 TX    7D
    5777.805 RX    7D 7D
    5798.157 RX    21 40 0A FF
    5808.324 RX    91 00 58 FF FF
    5828.835 RX    01 00 89 64 00
    5839.034 RX    00 29 FF 00 30
    5859.390 RX    80 7C 95 00 26 00 26
    5879.726 RX    00 26 00 26 00 00 00
    5879.764 TX    80
    5889.970 RX    80 80
    5910.309 RX    1C 00 00 86 72 72
    5920.493 RX    FF 65 78 25 00
    5940.813 RX    80 01 00 00 00
    5951.009 RX    1D 81 4F 03 6B 00
    5971.308 RX    30 0C B2 00 00
    5991.638 RX    00
    5991.670 TX    7D
    6001.818 RX    7D 7D
    6022.187 RX    21 40 0A FF 91
    6032.364 RX    00 58 FF FF 01
    6052.689 RX    00 89 64 00 00
    6062.859 RX    29 FF 00 30
    6083.226 RX    80 7C 95 00 26 00 26 00
    6103.560 RX    26 00 26 00 00 00
    6103.609 TX    80
    6113.756 RX    80 80
    6134.102 RX    1C 00 00 86 72 72
    6144.288 RX    FF 65 78 25
    6164.613 RX    00 80 01 00 00
    6174.852 RX    00 1D 81 4F 03 6B
    6195.199 RX    00 30 0C B2 00 00
    6215.534 RX    00
    6215.569 TX    7D
    6225.722 RX    7D 7D
    6246.064 RX    21 40 0A FF 91
    6256.242 RX    00 58 FF FF
    6276.545 RX    01 00 89 64 00
    6286.727 RX    00 29 FF 00 30
    6307.064 RX    80 7C 95 00 26 00 26
    6327.387 RX    00 26 00 26 00 00 00
    6327.432 TX    80
    6337.662 RX    80 80
    6358.022 RX    1C 00 00 86 72 72
    6368.209 RX    FF 65 78 25 00
    6388.543 RX    80 01 00 00 00
    6398.714 RX    1D 81 4F 03 6B 00
    6419.029 RX    30 0C B2 00 00
    6439.368 RX    00
    6439.410 TX    7D
    6449.606 RX    7D 7D
    6469.976 RX    21 40 0A FF 91
    6480.347 RX    00 58 FF FF 01
    6500.648 RX    00 89 64 00 00
    6510.894 RX    29 FF 00 30
    6531.363 RX    80 7C 95 00 26 00 26 00
    6551.738 RX    26 00 26 00 00 00
    6551.802 TX    80
    6561.990 RX    80 80
    6582.376 RX    1C 00 00 86 72 72
    6592.588 RX    FF 65 78 25
    6612.990 RX    00 80 01 00 00
    6623.210 RX    00 1D 81 4F 03 6B
    6643.643 RX    00 30 0C B2 00 00
    6653.839 RX    00
    6653.888 TX    7D
    6674.232 RX    7D 7D 21 40 0A
    6694.669 RX    FF 91 00 58
    6704.921 RX    FF FF 01 00 89
    6725.408 RX    64 00 00 29 FF
    6735.603 RX    00 30 80 7C 95 00
    6755.993 RX    26 00 26 00 26 00 26 00 00
    6766.284 RX    00
    6766.330 TX    80
    6786.667 RX    80 80 1C 00 00 86
    6807.055 RX    72 72 FF 65 78
    6817.283 RX    25 00 80 01 00
    6837.829 RX    00 00 1D 81 4F
    6848.073 RX    03 6B 00 30 0C B2
    6868.604 RX    00 00 00
    6868.655 TX    7D
    6878.837 RX    7D 7D 21
    6899.230 RX    40 0A FF 91 00
    6919.592 RX    58 FF FF 01 00
    6929.818 RX    89 64 00 00 29
    6950.210 RX    FF 00 30 80
    6960.397 RX    7C 95 00 26 00 26 00 26 00
    6980.756 RX    26 00 00 00
    6980.801 TX    80
    6990.964 RX    80 80 1C
    7011.300 RX    00 00 86 72 72 FF
    7021.615 RX    65 78 25 00 80
    7042.031 RX    01 00 00 00
    7062.543 RX    1D 81 4F 03 6B 00
    7072.769 RX    30 0C B2 00 00 00
    7072.834 TX    7D
    7093.209 RX    7D 7D 21 40
    7103.415 RX    0A FF 91 00 58
    7123.799 RX    FF FF 01 00
    7133.984 RX    89 64 00 00 29
    7154.413 RX    FF 00 30 80 7C 95
    7174.820 RX    00 26 00 26 00 26 00 26
    7185.033 RX    00 00 00
    7185.078 TX    80
    7205.408 RX    80 80 1C
    7215.602 RX    00 00 86 72 72 FF
    7235.943 RX    65 78 25 00 80
    7246.134 RX    01 00 00 00 1D
    7266.451 RX    81 4F 03 6B 00 30
    7286.844 RX    0C B2 00 00 00
    7286.896 TX    7D
    7297.076 RX    7D 7D
    7317.505 RX    21 40 0A FF 91
    7327.690 RX    00 58 FF FF 01
    7348.053 RX    00 89 64 00 00
    7358.232 RX    29 FF 00 30 80
    7378.538 RX    7C 95 00 26 00 26 00
    7398.875 RX    26 00 26 00 00 00
    7398.918 TX    80
    7409.057 RX    80 80
    7429.387 RX    1C 00 00 86 72 72
    7439.543 RX    FF 65 78 25 00
    7459.845 RX    80 01 00 00
    7470.011 RX    00 1D 81 4F 03 6B
    7490.366 RX    00 30 0C B2 00 00
    7510.712 RX    00
    7510.754 TX    7D
    7520.945 RX    7D 7D
    7541.304 RX    21 40 0A FF 91
    7551.522 RX    00 58 FF FF
    7571.852 RX    01 00 89 64 00
    7582.019 RX    00 29 FF 00 30
    7602.362 RX    80 7C 95 00 26 00 26
    7622.682 RX    00 26 00 26 00 00 00
    7622.726 TX    80
    7632.880 RX    80 80 1C
    7653.236 RX    00 00 86 72 72
    7663.428 RX    FF 65 78 25 00
    7683.804 RX    80 01 00 00 00
    7693.985 RX    1D 81 4F 03 6B 00
    7714.410 RX    30 0C B2 00 00 00
    7714.453 TX    7D
    7735.000 RX    7D 7D 21
    7745.191 RX    40 0A FF 91 00
    7765.541 RX    58 FF FF 01 00
    7775.701 RX    89 64 00 00 29
    7796.029 RX    FF 00 30 80 7C
    7806.211 RX    95 00 26 00 26 00 26 00
    7826.560 RX    26 00 00 00
    7826.629 TX    80
    7847.180 RX    80 80 1C
    7857.460 RX    00 00 86 72 72 FF
    7877.818 RX    65 78 25 00 80
    7888.023 RX    01 00 00 00
    7908.357 RX    1D 81 4F 03 6B 00
    7918.526 RX    30 0C B2 00 00 00
    7918.582 TX    7D
    7938.976 RX    7D 7D 21 40 0A
    7959.375 RX    FF 91 00 58 FF
    7969.681 RX    FF 01 00 89
    7990.052 RX    64 00 00 29 FF
    8000.283 RX    00 30 80 7C 95 00
    8020.663 RX    26 00 26 00 26 00 26 00 00
    8030.874 RX    00
    8030.928 TX    80
    8051.310 RX    80 80 1C 00 00 86
    8061.535 RX    72 72 FF 65
    8081.941 RX    78 25 00 80 01
    8102.404 RX    00 00 00 1D 81
    8112.649 RX    4F 03 6B 00 30 0C
    8133.089 RX    B2 00 00 00
    8133.137 TX    7D
    8143.329 RX    7D 7D
    8163.814 RX    21 40 0A FF 91
    8174.069 RX    00 58 FF FF 01
    8194.620 RX    00 89 64 00 00
    8215.122 RX    29 FF 00 30 80
    8225.404 RX    7C 95 00 26 00 26 00 26
    8245.820 RX    00 26 00 00 00
    8245.871 TX    80
    8256.155 RX    80 80
    8276.602 RX    1C 00 00 86 72 72
    8286.818 RX    FF 65 78 25 00
    8307.202 RX    80 01 00 00 00
    8317.460 RX    1D 81 4F 03 6B
    8337.897 RX    00 30 0C B2 00 00
    8358.378 RX    00
    8358.426 TX    7D
    8368.621 RX    7D 7D
    8389.064 RX    21 40 0A FF 91
    8399.288 RX    00 58 FF FF 01
    8419.690 RX    00 89 64 00
    8429.894 RX    00 29 FF 00 30
    8450.378 RX    80 7C 95 00 26 00 26 00
    8470.806 RX    26 00 26 00 00 00
    8470.883 TX    80
    8481.156 RX    80 80
    8501.561 RX    1C 00 00 86 72 72
    8511.741 RX    FF 65 78 25
    8532.136 RX    00 80 01 00 00
    8542.312 RX    00 1D 81 4F 03 6B
    8562.681 RX    00 30 0C B2 00 00
    8583.013 RX    00
    8583.063 TX    7D
    8593.224 RX    7D 7D
    8613.506 RX    21 40 0A FF 91
    8623.680 RX    00 58 FF FF 01
    8643.974 RX    00 89 64 00 00
    8654.141 RX    29 FF 00 30 80
    8674.451 RX    7C 95 00 26 00 26 00
    8694.788 RX    26 00 26 00 00 00
    8694.865 TX    80
    8705.001 RX    80 80
    8725.374 RX    1C 00 00 86 72 72
    8735.585 RX    FF 65 78 25 00
    8755.947 RX    80 01 00 00 00
    8766.129 RX    1D 81 4F 03 6B
    8786.417 RX    00 30 0C B2 00 00
    8806.723 RX    00
    8806.773 TX    7D
    8816.897 RX    7D 7D
    8837.172 RX    21 40 0A FF 91
    8847.290 RX    00 58 FF FF 01
    8867.782 RX    00 89 64 00
    8877.912 RX    00 29 FF 00 30
    8898.168 RX    80 7C 95 00 26 00 26 00
    8918.401 RX    26 00 26 00 00 00
    8918.430 TX    80
    8928.554 RX    80 80
    8948.798 RX    1C 00 00 86 72 72
    8958.922 RX    FF 65 78 25
    8979.161 RX    00 80 01 00 00
    8989.281 RX    00 1D 81 4F 03 6B
    9009.517 RX    00 30 0C B2 00 00
    9029.754 RX    00
    9029.782 TX    7D
    9039.912 RX    7D 7D 21
    9060.171 RX    40 0A FF 91
    9070.371 RX    00 58 FF FF 01
    9090.637 RX    00 89 64 00 00
    9110.882 RX    29 FF 00 30 80
    9121.009 RX    7C 95 00 26 00 26 00 26
    9141.268 RX    00 26 00 00 00
    9141.325 TX    80
    9151.659 RX    80 80
    9172.114 RX    1C 00 00 86 72 72
    9182.248 RX    FF 65 78 25 00
    9202.561 RX    80 01 00 00 00
    9222.810 RX    1D 81 4F 03 6B
    9232.933 RX    00 30 0C B2 00 00
    9253.176 RX    00
    9253.208 TX    7D
    9263.282 RX    7D 7D
    9283.525 RX    21 40 0A FF 91
    9293.647 RX    00 58 FF FF 01
    9313.889 RX    00 89 64 00 00
    9334.132 RX    29 FF 00 30
    9344.255 RX    80 7C 95 00 26 00 26 00
    9364.498 RX    26 00 26 00 00 00
    9364.523 TX    80
    9374.645 RX    80 80 1C
    9395.133 RX    00 00 86 72 72 FF
    9405.335 RX    65 78 25 00
    9425.701 RX    80 01 00 00 00
    9446.020 RX    1D 81 4F 03 6B 00
    9456.197 RX    30 0C B2 00 00 00
    9456.250 TX    7D
    9476.507 RX    7D 7D 21 40
    9486.650 RX    0A FF 91 00
    9506.903 RX    58 FF FF 01 00
    9517.033 RX    89 64 00 00 29
    9537.323 RX    FF 00 30 80 7C
    9557.691 RX    95 00 26 00 26 00 26 00 26
    9567.900 RX    00 00 00
    9567.957 TX    80
    9588.293 RX    80 80 1C 00 00
    9598.487 RX    86 72 72 FF 65
    9618.833 RX    78 25 00 80 01
    9629.015 RX    00 00 00 1D 81
    9649.434 RX    4F 03 6B 00 30
    9669.774 RX    0C B2 00 00 00
    9669.867 TX    7D
    9680.042 RX    7D 7D
    9700.387 RX    21 40 0A FF 91
    9710.566 RX    00 58 FF FF 01
    9730.886 RX    00 89 64 00 00
    9741.083 RX    29 FF 00 30
    9761.535 RX    80 7C 95 00 26 00 26 00
    9781.902 RX    26 00 26 00 00 00
    9781.963 TX    80
    9792.151 RX    80 80
    9812.491 RX    1C 00 00 86 72 72
    9822.682 RX    FF 65 78 25
    9843.153 RX    00 80 01 00 00
    9853.440 RX    00 1D 81 4F 03 6B
    9873.880 RX    00 30 0C B2 00 00
    9894.483 RX    00
    9894.527 TX    7D
    9904.693 RX    7D 7D
    9925.059 RX    21 40 0A FF
    9935.343 RX    91 00 58 FF FF
    9955.758 RX    01 00 89 64 00
    9965.971 RX    00 29 FF 00 30
    9986.381 RX    80 7C 95 00 26 00 26
   10006.749 RX    00 26 00 26 00 00 00
   10006.822 TX    80
   10017.005 RX    80 80
   10037.317 RX    1C 00 00 86 72 72
   10047.511 RX    FF 65 78 25 00
   10067.848 RX    80 01 00 00 00
   10078.050 RX    1D 81 4F 03 6B 00
   10098.549 RX    30 0C B2 00 00
   10108.958 RX    00
   10109.012 TX    7D
   10129.532 RX    7D 7D 21 40 0A
   10149.907 RX    FF 91 00 58 FF
   10160.126 RX    FF 01 00 89 64
   10180.472 RX    00 00 29 FF 00
   10190.661 RX    30 80 7C 95 00
   10211.050 RX    26 00 26 00 26 00 26 00 00
   10221.235 RX    00
   10221.290 TX    80
   10241.612 RX    80 80 1C 00 00 86
   10261.974 RX    72 72 FF 65 78
   10272.175 RX    25 00 80 01
   10292.550 RX    00 00 00 1D 81
   10302.878 RX    4F 03 6B 00 30 0C B2
   10323.314 RX    00 00 00
   10323.381 TX    7D
   10333.696 RX    7D 7D 21
   10354.122 RX    40 0A FF 91 00
   10374.469 RX    58 FF FF 01
   10384.646 RX    00 89 64 00 00
   10404.988 RX    29 FF 00 30 80
   10415.169 RX    7C 95 00 26 00 26 00 26
   10435.516 RX    00 26 00 00 00
   10435.561 TX    80
   10445.717 RX    80 80
   10466.082 RX    1C 00 00 86 72 72
   10486.436 RX    FF 65 78 25 00
   10496.634 RX    80 01 00 00 00
   10516.974 RX    1D 81 4F 03 6B 00
   10527.156 RX    30 0C B2 00 00 00
   10527.195 TX    7D
   10547.581 RX    7D 7D 21 40
   10557.762 RX    0A FF 91 00 58
   10578.113 RX    FF FF 01 00 89
   10598.451 RX    64 00 00 29 FF
   10608.625 RX    00 30 80 7C 95
   10629.153 RX    00 26 00 26 00 26 00 26 00
   10639.317 RX    00 00
   10639.356 TX    80
   10659.694 RX    80 80 1C 00 00
   10669.966 RX    86 72 72 FF 65
   10690.312 RX    78 25 00 80 01
   10710.725 RX    00 00 00 1D
   10720.943 RX    81 4F 03 6B 00 30
   10741.334 RX    0C B2 00 00 00
   10741.372 TX    7D
   10751.526 RX    7D 7D 21
   10771.913 RX    40 0A FF 91 00
   10782.111 RX    58 FF FF 01
   10802.484 RX    00 89 64 00 00
   10812.665 RX    29 FF 00 30 80
   10833.096 RX    7C 95 00 26 00 26 00 26
   10853.469 RX    00 26 00 00 00
   10853.559 TX    80
   10863.732 RX    80 80
   10884.079 RX    1C 00 00 86 72 72
   10894.258 RX    FF 65 78 25 00
   10914.597 RX    80 01 00 00 00
   10924.781 RX    1D 81 4F 03 6B 00
   10945.121 RX    30 0C B2 00 00 00
   10945.174 TX    7D
   10965.441 RX    7D 7D 21
   10975.612 RX    40 0A FF 91 00
   10995.939 RX    58 FF FF 01 00
   11006.128 RX    89 64 00 00 29
   11026.462 RX    FF 00 30 80 7C
   11036.646 RX    95 00 26 00 26 00 26 00
   11057.002 RX    26 00 00 00
   11057.040 TX    80
   11077.358 RX    80 80 1C 00 00
   11087.559 RX    86 72 72 FF 65
   11107.889 RX    78 25 00 80 01
   11118.054 RX    00 00 00 1D
   11138.339 RX    81 4F 03 6B 00 30
   11158.588 RX    0C B2 00 00 00
   11158.619 TX    7D
   11168.740 RX    7D 7D
   11189.062 RX    21 40 0A FF 91
   11199.339 RX    00 58 FF FF 01
   11219.734 RX    00 89 64 00
   11229.889 RX    00 29 FF 00 30
   11250.177 RX    80 7C 95 00 26 00 26 00
   11270.432 RX    26 00 26 00 00 00
   11270.468 TX    80
   11280.594 RX    80 80
   11301.085 RX    1C 00 00 86 72
   11311.269 RX    72 FF 65 78 25
   11332.065 RX    00 80 01 00 00
   11342.379 RX    00 1D 81 4F 03 6B
   11362.827 RX    00 30 0C B2 00 00
   11373.056 RX    00
   11373.105 TX    7D
   11393.662 RX    7D 7D 21 40
   11413.978 RX    0A FF 91 00 58
   11424.154 RX    FF FF 01 00 89
   11444.617 RX    64 00 00 29 FF
   11454.801 RX    00 30 80 7C 95 00
   11475.322 RX    26 00 26 00 26 00 26 00
   11485.563 RX    00 00
   11485.667 TX    80
   11506.099 RX    80 80 1C 00 00
   11516.337 RX    86 72 72 FF 65
   11536.846 RX    78 25 00 80 01
   11557.327 RX    00 00 00 1D 81
   11567.631 RX    4F 03 6B 00 30
   11588.229 RX    0C B2 00 00 00
   11588.340 TX    7D
   11598.677 RX    7D 7D 21
   11619.253 RX    40 0A FF 91 00
   11629.824 RX    58 FF FF 01 00
   11650.335 RX    89 64 00 00
   11660.785 RX    29 FF 00 30 80
   11681.418 RX    7C 95 00 26 00 26 00 26 00
   11701.970 RX    26 00 00 00
   11702.102 TX    80
   11712.425 RX    80 80
   11732.935 RX    1C 00 00 86 72 72
   11743.206 RX    FF 65 78 25
   11763.822 RX    00 80 01 00 00
   11774.074 RX    00 1D 81 4F 03 6B
   11794.688 RX    00 30 0C B2 00 00
   11804.940 RX    00
   11805.036 TX    7D
   11825.586 RX    7D 7D 21 40
   11846.213 RX    0A FF 91 00 58
   11856.682 RX    FF FF 01 00 89
   11877.478 RX    64 00 00 29 FF
   11887.704 RX    00 30 80 7C 95 00
   11908.182 RX    26 00 26 00 26 00 26 00
   11918.547 RX    00 00
   11918.626 TX    80
   11939.092 RX    80 80 1C 00 00
   11949.402 RX    86 72 72 FF 65
   11969.756 RX    78 25 00 80 01
   11990.211 RX    00 00 00 1D 81
   12000.519 RX    4F 03 6B 00 30
   12021.063 RX    0C B2 00 00 00
   12021.190 TX    7D
   12031.587 RX    7D 7D
   12052.022 RX    21 40 0A FF 91
   12062.443 RX    00 58 FF FF 01
   12083.042 RX    00 89 64 00
   12093.354 RX    00 29 FF 00 30
   12113.768 RX    80 7C 95 00 26 00 26 00
   12134.237 RX    26 00 26 00 00 00
   12134.317 TX    80
   12144.675 RX    80 80
   12165.039 RX    1C 00 00 86 72 72
   12175.241 RX    FF 65 78 25
   12195.642 RX    00 80 01 00 00
   12205.824 RX    00 1D 81 4F 03 6B
   12226.188 RX    00 30 0C B2 00 00
   12236.366 RX    00
   12236.421 TX    7D
   12256.800 RX    7D 7D 21 40 0A
   12277.177 RX    FF 91 00 58
   12287.371 RX    FF FF 01 00 89
   12307.743 RX    64 00 00 29 FF
   12318.015 RX    00 30 80 7C 95 00
   12338.335 RX    26 00 26 00 26 00 26 00 00
   12348.520 RX    00
   12348.580 TX    80
   12368.934 RX    80 80 1C 00 00 86
   12389.359 RX    72 72 FF 65 78
   12399.687 RX    25 00 80 01 00
   12420.299 RX    00 00 1D 81 4F
   12430.724 RX    03 6B 00 30 0C B2
   12451.406 RX    00 00 00
   12451.504 TX    7D
   12461.809 RX    7D 7D 21
   12482.330 RX    40 0A FF 91 00
   12492.713 RX    58 FF FF 01 00
   12513.161 RX    89 64 00 00 29
   12533.494 RX    FF 00 30 80
   12543.686 RX    7C 95 00 26 00 26 00 26 00
   12564.056 RX    26 00 00 00
   12564.102 TX    80
   12574.280 RX    80 80 1C
   12594.657 RX    00 00 86 72 72 FF
   12604.975 RX    65 78 25 00
   12625.450 RX    80 01 00 00 00
   12645.878 RX    1D 81 4F 03 6B 00
   12656.146 RX    30 0C B2 00 00 00
   12656.198 TX    7D
   12676.554 RX    7D 7D 21 40
   12686.793 RX    0A FF 91 00
   12707.321 RX    58 FF FF 01 00
   12717.728 RX    89 64 00 00 29
   12738.174 RX    FF 00 30 80 7C
   12748.379 RX    95 00 26 00 26 00 26 00 26
   12768.755 RX    00 00 00
   12768.804 TX    80
   12789.176 RX    80 80 1C
   12799.378 RX    00 00 86 72 72 FF
   12819.733 RX    65 78 25 00 80
   12829.909 RX    01 00 00 00 1D
   12850.256 RX    81 4F 03 6B 00 30
   12860.555 RX    0C B2 00 00 00
   12860.649 TX    7D
   12881.116 RX    7D 7D 21 40 0A
   12901.465 RX    FF 91 00 58 FF
   12911.646 RX    FF 01 00 89 64
   12931.984 RX    00 00 29 FF 00
   12942.159 RX    30 80 7C 95 00
   12962.475 RX    26 00 26 00 26 00 26 00 00
   12972.665 RX    00
   12972.699 TX    80
   12993.020 RX    80 80 1C 00 00 86
   13013.384 RX    72 72 FF 65 78
   13023.557 RX    25 00 80 01
   13043.892 RX    00 00 00 1D 81
   13054.078 RX    4F 03 6B 00 30 0C B2
   13074.448 RX    00 00 00
   13074.481 TX    7D
   13084.640 RX    7D 7D 21
   13104.987 RX    40 0A FF 91 00
   13125.312 RX    58 FF FF 01
   13135.488 RX    00 89 64 00 00
   13155.845 RX    29 FF 00 30 80
   13166.034 RX    7C 95 00 26 00 26 00 26
   13186.377 RX    00 26 00 00 00
   13186.412 TX    80
   13196.576 RX    80 80 1C
   13216.957 RX    00 00 86 72 72 FF
   13237.308 RX    65 78 25 00 80
   13247.485 RX    01 00 00 00 1D
   13267.821 RX    81 4F 03 6B 00 30
   13277.996 RX    0C B2 00 00 00
   13278.031 TX    7D
   13298.355 RX    7D 7D 21 40
   13308.532 RX    0A FF 91 00 58
   13328.920 RX    FF FF 01 00 89
   13349.288 RX    64 00 00 29 FF
   13359.484 RX    00 30 80 7C 95
   13379.818 RX    00 26 00 26 00 26 00 26 00
   13390.140 RX    00 00
   13390.191 TX    80
   13410.604 RX    80 80 1C 00 00
   13421.072 RX    86 72 72 FF 65
   13441.731 RX    78 25 00 80 01
   13452.431 RX    00 00 00 1D
   13472.834 RX    81 4F 03 6B 00 30
   13493.317 RX    0C B2 00 00 00
   13493.360 TX    7D
   13503.524 RX    7D 7D
   13524.039 RX    21 40 0A FF 91
   13534.235 RX    00 58 FF FF 01
   13554.655 RX    00 89 64 00
   13564.870 RX    00 29 FF 00 30
   13585.217 RX    80 7C 95 00 26 00 26 00
   13605.550 RX    26 00 26 00 00 00
   13605.611 TX    80
   13615.767 RX    80 80
   13636.175 RX    1C 00 00 86 72
   13646.464 RX    72 FF 65 78 25
   13666.829 RX    00 80 01 00 00
   13677.010 RX    00 1D 81 4F 03
   13697.519 RX    6B 00 30 0C B2 00 00
   13717.902 RX    00
   13717.948 TX    7D
   13728.214 RX    7D 7D
   13749.109 RX    21 40 0A FF 91
   13759.488 RX    00 58 FF FF 01
   13780.087 RX    00 89 64 00 00
   13790.387 RX    29 FF 00 30 80
   13810.749 RX    7C 95 00 26 00 26 00
   13820.997 RX    26 00 26 00 00 00
   13821.061 TX    80
   13841.460 RX    80 80 1C 00 00 86
   13861.855 RX    72 72 FF 65 78
   13872.082 RX    24 00 80 01 00
   13892.563 RX    00 00 1D 81
   13902.827 RX    4F 03 6B 00 30 0C B2
   13923.297 RX    00 00 00
   13923.364 TX    7D
   13933.574 RX    7D 7D 21
   13954.023 RX    40 0A FF 91 00
   13964.293 RX    58 FF FF 01 00
   13984.740 RX    89 64 00 00
   14005.145 RX    29 FF 00 30 80
   14015.427 RX    7C 95 00 26 00 26 00 26 00
   14035.752 RX    26 00 00 00
   14035.798 TX    80
   14046.048 RX    80 80 1C
   14066.375 RX    00 00 86 72 72
   14076.552 RX    FF 65 78 25 00
   14096.936 RX    80 01 00 00 00
   14117.535 RX    1D 81 4F 03 6B 00
   14127.801 RX    30 0C B2 00 00 00
   14127.857 TX    7D
   14148.488 RX    7D 7D 21
   14158.700 RX    40 0A FF 91 00
   14179.223 RX    58 FF FF 01 00
   14189.393 RX    89 64 00 00 29
   14209.781 RX    FF 00 30 80 7C
   14219.965 RX    95 00 26 00 26 00 26 00
   14240.311 RX    26 00 00 00
   14240.376 TX    80
   14260.699 RX    80 80 1C
   14270.886 RX    00 00 86 72 72 FF
   14291.243 RX    65 78 25 00 80
   14301.424 RX    01 00 00 00 1D
   14321.776 RX    81 4F 03 6B 00
   14331.976 RX    30 0C B2 00 00 00
   14332.024 TX    7D
   14352.317 RX    7D 7D 21 40 0A
   14372.771 RX    FF 91 00 58 FF
   14382.981 RX    FF 01 00 89 64
   14403.406 RX    00 00 29 FF
   14413.611 RX    00 30 80 7C 95 00
   14434.006 RX    26 00 26 00 26 00 26 00 00
   14444.214 RX    00
   14444.306 TX    80
   14464.632 RX    80 80 1C 00 00 86
   14485.071 RX    72 72 FF 65 78
   14495.260 RX    25 00 80 01
   14515.615 RX    00 00 00 1D 81
   14525.792 RX    4F 03 6B 00 30 0C B2
   14546.157 RX    00 00 00
   14546.200 TX    7D
   14556.376 RX    7D 7D 21
   14576.777 RX    40 0A FF 91
   14597.203 RX    00 58 FF FF 01
   14608.164 RX    00 89 64 00 00
   14628.792 RX    29 FF 00 30 80
   14638.985 RX    7C 95 00 26 00 26 00 26
   14659.377 RX    00 26 00 00 00
   14659.426 TX    80
   14669.606 RX    80 80
   14689.989 RX    1C 00 00 86 72 72
   14700.198 RX    FF 65 78 25 00
   14720.581 RX    80 01 00 00 00
   14741.009 RX    1D 81 4F 03 6B
   14751.220 RX    00 30 0C B2 00 00
   14771.549 RX    00
   14771.593 TX    7D
   14781.777 RX    7D 7D 21
   14802.145 RX    40 0A FF 91 00
   14812.317 RX    58 FF FF 01 00
   14832.708 RX    89 64 00 00
   14853.116 RX    29 FF 00 30 80
   14863.347 RX    7C 95 00 26 00 26 00 26 00
   14883.788 RX    26 00 00 00
   14883.838 TX    80
   14894.013 RX    80 80 1C
   14914.442 RX    00 00 86 72 72 FF
   14924.621 RX    65 78 25 00
   14945.033 RX    80 01 00 00 00
   14965.382 RX    1D 81 4F 03 6B 00
   14975.600 RX    30 0C B2 00 00 00
   14975.661 TX    7D
   14995.977 RX    7D 7D 21 40
   15006.161 RX    0A FF 91 00
   15026.475 RX    58 FF FF 01 00
   15036.706 RX    89 64 00 00 29
   15057.045 RX    FF 00 30 80 7C 95
   15077.377 RX    00 26 00 26 00 26 00 26
   15087.666 RX    00 00 00
   15087.731 TX    80
   15108.067 RX    80 80 1C
   15118.306 RX    00 00 86 72 72 FF
   15138.709 RX    65 78 25 00 80
   15148.920 RX    01 00 00 00 1D
   15169.521 RX    81 4F 03 6B 00 30
   15179.730 RX    0C B2 00 00 00
   15179.780 TX    7D
   15200.132 RX    7D 7D 21 40 0A
   15220.636 RX    FF 91 00 58 FF
   15230.840 RX    FF 01 00 89 64
   15251.268 RX    00 00 29 FF 00
   15261.472 RX    30 80 7C 95 00
   15281.867 RX    26 00 26 00 26 00 26 00 00
   15292.098 RX    00
   15292.156 TX    80
   15312.499 RX    80 80 1C 00 00 86
   15332.933 RX    72 72 FF 65 78
   15343.117 RX    25 00 80 01
   15363.488 RX    00 00 00 1D 81
   15373.690 RX    4F 03 6B 00 30 0C B2
   15394.096 RX    00 00 00
   15394.167 TX    7D
   15404.420 RX    7D 7D 21
   15424.879 RX    40 0A FF 91 00
   15445.441 RX    58 FF FF 01
   15455.681 RX    00 89 64 00 00
   15476.169 RX    29 FF 00 30 80
   15486.365 RX    7C 95 00 26 00 26 00 26
   15506.769 RX    00 26 00 00 00
   15506.848 TX    80
   15517.366 RX    80 80 1C
   15537.765 RX    00 00 86 72 72
   15547.967 RX    FF 65 78 25 00
   15569.067 RX    80 01 00 00 00
   15579.510 RX    1D 81 4F 03 6B 00
   15600.011 RX    30 0C B2 00 00 00
   15600.062 TX    7D
   15620.480 RX    7D 7D 21
   15630.699 RX    40 0A FF 91 00
   15651.077 RX    58 FF FF 01 00
   15661.299 RX    89 64 00 00 29
   15681.870 RX    FF 00 30 80 7C
   15692.153 RX    95 00 26 00 26 00 26 00
   15712.527 RX    26 00 00 00
   15712.602 TX    80
   15733.117 RX    80 80 1C
   15743.459 RX    00 00 86 72 72 FF
   15764.001 RX    65 78 25 00 80
   15774.209 RX    01 00 00 00
   15794.738 RX    1D 81 4F 03 6B 00
   15804.953 RX    30 0C B2 00 00 00
   15805.016 TX    7D
   15825.620 RX    7D 7D 21 40 0A
   15835.870 RX    FF 91 00 58 FF
   15856.523 RX    FF 01 00 89
   15877.021 RX    64 00 00 29 FF
   15887.476 RX    00 30 80 7C 95 00
   15908.253 RX    26 00 26 00 26 00 26 00 00
   15918.537 RX    00
   15918.589 TX    80
   15938.934 RX    80 80 1C 00
   15949.251 RX    00 86 72 72 FF
   15969.826 RX    65 78 25 00 80
   15980.410 RX    01 00 00 00 1D
   16001.348 RX    81 4F 03 6B 00 30
   16011.584 RX    0C B2 00 00 00
   16011.638 TX    7D
   16032.077 RX    7D 7D 21 40 0A
   16052.544 RX    FF 91 00 58 FF
   16062.736 RX    FF 01 00 89 64
   16083.242 RX    00 00 29 FF 00
   16093.486 RX    30 80 7C 95 00 26
   16113.825 RX    00 26 00 26 00 26 00 00
   16123.998 RX    00
   16124.045 TX    80
   16144.509 RX    80 80 1C 00 00 86
   16164.879 RX    71 72 FF 65 78
   16175.071 RX    25 00 80 01 00
   16195.777 RX    00 00 1D 81
   16205.993 RX    4F 03 6B 00 30 0C B2
   16226.590 RX    00 00 00
   16226.633 TX    7D
   16236.851 RX    7D 7D 21
   16257.320 RX    40 0A FF 91 00
   16267.527 RX    58 FF FF 01 00
   16287.952 RX    89 64 00 00
   16308.945 RX    29 FF 00 30 80
   16319.244 RX    7C 95 00 26 00 26 00 26 00
   16339.909 RX    26 00 00 00
   16340.051 TX    80
   16350.328 RX    80 80 1C
   16371.251 RX    00 00 86 72 72
   16381.615 RX    FF 65 78 25 00
   16402.228 RX    80 01 00 00 00
   16412.503 RX    1D 81 4F 03 6B 00
   16432.976 RX    30 0C B2 00 00 00
   16433.046 TX    7D
   16443.327 RX    7D 7D 21
   16463.978 RX    40 0A FF 91 00
   16475.082 RX    58 FF FF 01 00
   16495.584 RX    89 64 00 00 29
   16516.187 RX    FF 00 30 80 7C
   16526.383 RX    95 00 26 00 26 00 26 00 26
   16546.864 RX    00 00 00
   16546.939 TX    80
   16557.200 RX    80 80
   16577.600 RX    1C 00 00 86 72 72
   16587.808 RX    FF 65 78 25 00
   16608.221 RX    80 01 00 00 00
   16628.674 RX    1D 81 4F 03 6B
   16638.901 RX    00 30 0C B2 00 00
   16659.311 RX    00
   16659.365 TX    7D
   16669.527 RX    7D 7D
   16689.918 RX    21 40 0A FF 91
   16700.135 RX    00 58 FF FF 01
   16720.525 RX    00 89 64 00 00
   16740.908 RX    29 FF 00 30
   16751.117 RX    80 7C 95 00 26 00 26 00
   16771.572 RX    26 00 26 00 00 00
   16771.630 TX    80
   16781.963 RX    80 80 1C
   16802.363 RX    00 00 86 72 72
   16812.561 RX    FF 65 78 25 00
   16832.961 RX    80 01 00 00 00
   16843.173 RX    1D 81 4F 03 6B 00
   16863.539 RX    30 0C B2 00 00 00
   16863.591 TX    7D
   16883.954 RX    7D 7D 21
   16894.337 RX    40 0A FF 91 00
   16914.744 RX    58 FF FF 01 00
   16924.991 RX    89 64 00 00 29
   16945.397 RX    FF 00 30 80 7C
   16955.580 RX    95 00 26 00 26 00 26 00 26
   16976.011 RX    00 00 00
   16976.067 TX    80
   16996.493 RX    80 80 1C
   17006.662 RX    00 00 86 72 72 FF
   17027.093 RX    65 78 25 00 80
   17037.348 RX    01 00 00 00 1D
   17057.735 RX    81 4F 03 6B 00
   17067.945 RX    30 0C B2 00 00 00
   17068.020 TX    7D
   17088.365 RX    7D 7D 21 40 0A
   17108.776 RX    FF 91 00 58 FF
   17119.021 RX    FF 01 00 89 64
   17139.463 RX    00 00 29 FF
   17149.692 RX    00 30 80 7C 95 00
   17170.128 RX    26 00 26 00 26 00 26 00 00
   17180.326 RX    00
   17180.378 TX    80
   17200.790 RX    80 80 1C 00 00 86
   17211.127 RX    71 72 FF 65 78
   17231.593 RX    25 00 80 01
   17252.014 RX    00 00 00 1D 81
   17262.233 RX    4F 03 6B 00 30 0C B2
   17282.627 RX    00 00 00
   17282.674 TX    7D
   17292.870 RX    7D 7D 21
   17313.242 RX    40 0A FF 91
   17323.457 RX    00 58 FF FF 01
   17343.884 RX    00 89 64 00 00
   17364.375 RX    29 FF 00 30 80
   17374.565 RX    7C 95 00 26 00 26 00 26
   17395.086 RX    00 26 00 00 00
   17395.141 TX    80
   17405.377 RX    80 80
   17425.751 RX    1C 00 00 86 72 72
   17435.946 RX    FF 65 78 25 00
   17456.309 RX    80 01 00 00 00
   17476.728 RX    1D 81 4F 03 6B 00
   17487.532 RX    30 0C B2 00 00
   17508.041 RX    00
   17508.105 TX    7D
   17518.454 RX    7D 7D
   17538.858 RX    21 40 0A FF 91
   17549.204 RX    00 58 FF FF 01
   17570.140 RX    00 89 64 00 00
   17580.391 RX    29 FF 00 30
   17600.786 RX    80 7C 95 00 26 00 26 00
   17611.031 RX    26 00 26 00 00 00
   17611.077 TX    80
   17631.315 RX    80 80 1C 00 00 86
   17651.814 RX    72 72 FF 65 78
   17662.153 RX    24 00 80 01
   17682.668 RX    00 00 00 1D 81
   17692.958 RX    4F 03 6B 00 30 0C B2
   17713.774 RX    00 00 00
   17713.866 TX    7D
   17724.160 RX    7D 7D 21
   17744.996 RX    40 0A FF 91 00
   17755.460 RX    58 FF FF 01
   17776.053 RX    00 89 64 00 00
   17796.664 RX    29 FF 00 30 80
   17806.883 RX    7C 95 00 26 00 26 00 26
   17827.376 RX    00 26 00 00 00
   17827.430 TX    80
   17837.592 RX    80 80
   17858.094 RX    1C 00 00 86 72 72
   17868.353 RX    FF 65 78 25 00
   17889.081 RX    80 01 00 00 00
   17899.775 RX    1D 81 4F 03 6B 00
   17920.371 RX    30 0C B2 00 00
   17940.730 RX    00
   17940.800 TX    7D
   17951.052 RX    7D 7D
   17971.519 RX    21 40 0A FF 91
   17981.711 RX    00 58 FF FF 01
   18002.171 RX    00 89 64 00 00
   18012.373 RX    29 FF 00 30
   18032.744 RX    80 7C 95 00 26 00 26 00
   18043.069 RX    26 00 26 00 00 00
   18043.122 TX    80
   18063.624 RX    80 80 1C 00 00 86
   18083.999 RX    72 72 FF 65 78
   18094.178 RX    25 00 80 01
   18114.551 RX    00 00 00 1D 81
   18124.825 RX    4F 03 6B 00 30 0C B2
   18145.285 RX    00 00 00
   18145.336 TX    7D
   18155.670 RX    7D 7D 21
   18176.047 RX    40 0A FF 91 00
   18196.376 RX    58 FF FF 01
   18206.571 RX    00 89 64 00 00
   18226.960 RX    29 FF 00 30 80
   18237.150 RX    7C 95 00 26 00 26 00 26 00
   18257.903 RX    26 00 00 00
   18257.962 TX    80
   18268.144 RX    80 80 1C
   18288.539 RX    00 00 86 72 72
   18298.741 RX    FF 65 78 25 00
   18319.132 RX    80 01 00 00 00
   18339.524 RX    1D 81 4F 03 6B 00
   18349.728 RX    30 0C B2 00 00 00
   18349.775 TX    7D
   18370.136 RX    7D 7D 21 40
   18380.368 RX    0A FF 91 00 58
   18400.830 RX    FF FF 01 00 89
   18411.070 RX    64 00 00 29 FF
   18431.466 RX    00 30 80 7C 95 00
   18451.818 RX    26 00 26 00 26 00 26 00
   18462.001 RX    00 00
   18462.047 TX    80
   18482.386 RX    80 80 1C 00 00
   18492.922 RX    86 71 72 FF 65
   18513.301 RX    78 25 00 80 01
   18523.483 RX    00 00 00 1D
   18543.882 RX    81 4F 03 6B 00 30
   18564.255 RX    0C B2 00 00 00
   18564.310 TX    7D
   18574.491 RX    7D 7D
   18594.838 RX    21 40 0A FF 91
   18605.006 RX    00 58 FF FF 01
   18625.367 RX    00 89 64 00
   18635.541 RX    00 29 FF 00 30
   18655.880 RX    80 7C 95 00 26 00 26 00
   18676.228 RX    26 00 26 00 00 00
   18676.290 TX    80
   18686.447 RX    80 80
   18706.789 RX    1C 00 00 86 72
   18716.967 RX    72 FF 65 78 25
   18737.368 RX    00 80 01 00 00
   18747.543 RX    00 1D 81 4F 03 6B
   18767.906 RX    00 30 0C B2 00 00
   18788.257 RX    00
   18788.299 TX    7D
   18798.458 RX    7D 7D
   18818.794 RX    21 40 0A FF 91
   18828.971 RX    00 58 FF FF 01
   18849.308 RX    00 89 64 00 00
   18859.482 RX    29 FF 00 30 80
   18879.824 RX    7C 95 00 26 00 26 00
   18900.176 RX    26 00 26 00 00 00
   18900.231 TX    80
   18910.401 RX    80 80
   18930.734 RX    1C 00 00 86 72 72
   18940.934 RX    FF 65 78 25 00
   18961.292 RX    80 01 00 00
   18971.477 RX    00 1D 81 4F 03 6B
   18991.811 RX    00 30 0C B2 00 00
   19012.382 RX    00
   19012.427 TX    7D
   19022.596 RX    7D 7D
   19042.991 RX    21 40 0A FF 91
   19053.182 RX    00 58 FF FF 01
   19073.547 RX    00 89 64 00
   19083.755 RX    00 29 FF 00 30
   19104.065 RX    80 7C 95 00 26 00 26 00
   19124.394 RX    26 00 26 00 00 00
   19124.449 TX    80
   19134.618 RX    80 80
   19154.950 RX    1C 00 00 86 72
   19165.138 RX    72 FF 65 78 25
   19185.571 RX    00 80 01 00 00
   19195.748 RX    00 1D 81 4F 03 6B
   19216.112 RX    00 30 0C B2 00 00
   19236.443 RX    00
   19236.483 TX    7D
   19246.771 RX    7D 7D
   19267.197 RX    21 40 0A FF 91
   19277.379 RX    00 58 FF FF 01
   19297.741 RX    00 89 64 00 00
   19307.921 RX    29 FF 00 30 80
   19328.314 RX    7C 95 00 26 00 26 00
   19338.481 RX    26 00 26 00 00 00
   19338.526 TX    80
   19358.827 RX    80 80 1C 00 00 86
   19379.203 RX    71 72 FF 65 78
   19389.388 RX    25 00 80 01 00
   19409.724 RX    00 00 1D 81
   19419.898 RX    4F 03 6B 00 30 0C B2
   19440.292 RX    00 00 00
   19440.337 TX    7D
   19450.503 RX    7D 7D 21
   19470.841 RX    40 0A FF 91 00
   19491.211 RX    58 FF FF 01 00
   19501.532 RX    89 64 00 00
   19521.919 RX    29 FF 00 30 80
   19532.083 RX    7C 95 00 26 00 26 00 26 00
   19552.351 RX    26 00 00 00
   19552.391 TX    80
   19562.524 RX    80 80 1C
   19582.799 RX    00 00 86 71 72
   19603.056 RX    FF 65 78 25 00
   19613.187 RX    80 01 00 00 00
   19633.416 RX    1D 81 4F 03 6B 00
   19643.545 RX    30 0C B2 00 00 00
   19643.587 TX    7D
   19663.841 RX    7D 7D 21 40
   19684.484 RX    0A FF 91 00 58
   19694.643 RX    FF FF 01 00 89
   19714.904 RX    64 00 00 29 FF
   19725.033 RX    00 30 80 7C 95 00
   19745.299 RX    26 00 26 00 26 00 26 00
   19755.463 RX    00 00
   19755.511 TX    80
   19775.788 RX    80 80 1C 00 00
   19796.051 RX    86 71 72 FF 65
   19806.184 RX    78 24 00 80 01
   19826.409 RX    00 00 00 1D 81
   19836.541 RX    4F 03 6B 00 30
   19856.796 RX    0C B2 00 00 00
   19856.826 TX    7D
   19866.950 RX    7D 7D 21
   19887.202 RX    40 0A FF 91 00
   19907.479 RX    58 FF FF 01 00
   19917.664 RX    89 64 00 00
   19937.922 RX    29 FF 00 30 80
   19948.051 RX    7C 95 00 26 00 26 00 26 00
   19968.288 RX    26 00 00 00
   19968.444 TX    80
   19978.723 RX    80 80 1C
   19999.098 RX    00 00 86 71 72 FF
   20019.826 RX    65 78 25 00
   20030.033 RX    80 01 00 00 00
   20050.435 RX    1D 81 4F 03 6B 00
   20060.666 RX    30 0C B2 00 00 00
   20060.735 TX    7D
   20081.062 RX    7D 7D 21 40 0A
   20091.239 RX    FF 91 00 58
   20111.567 RX    FF FF 01 00 89
   20131.979 RX    64 00 00 29 FF
   20142.155 RX    00 30 80 7C 95 00
   20162.519 RX    26 00 26 00 26 00 26 00 00
   20172.705 RX    00
   20172.748 TX    80
   20193.028 RX    80 80 1C 00 00
   20203.234 RX    86 72 72 FF 65
   20223.495 RX    78 25 00 80 01
   20243.805 RX    00 00 00 1D 81
   20253.976 RX    4F 03 6B 00 30
   20274.297 RX    0C B2 00 00 00
   20274.347 TX    7D
   20284.674 RX    7D 7D
   20305.033 RX    21 40 0A FF 91
   20315.203 RX    00 58 FF FF 01
   20335.526 RX    00 89 64 00 00
   20355.887 RX    29 FF 00 30
   20366.077 RX    80 7C 95 00 26 00 26 00
   20386.390 RX    26 00 26 00 00 00
   20386.439 TX    80
   20396.577 RX    80 80 1C
   20416.901 RX    00 00 86 72 72 FF
   20427.076 RX    65 78 25 00
   20447.373 RX    80 01 00 00 00
   20467.664 RX    1D 81 4F 03 6B 00
   20477.830 RX    30 0C B2 00 00 00
   20477.863 TX    7D
   20498.121 RX    7D 7D 21 40
   20508.777 RX    0A FF 91 00 58
   20529.152 RX    FF FF 01 00
   20539.293 RX    89 64 00 00 29
   20559.624 RX    FF 00 30 80 7C 95
   20579.941 RX    00 26 00 26 00 26 00 26
   20590.097 RX    00 00 00
   20590.146 TX    80
   20610.424 RX    80 80 1C
   20620.575 RX    00 00 86 71 72 FF
   20640.849 RX    65 78 25 00 80
   20650.991 RX    01 00 00 00 1D
   20671.279 RX    81 4F 03 6B 00 30
   20691.774 RX    0C B2 00 00 00
   20691.807 TX    7D
   20701.978 RX    7D 7D
   20722.259 RX    21 40 0A FF 91
   20732.439 RX    00 58 FF FF 01
   20752.752 RX    00 89 64 00 00
   20762.926 RX    29 FF 00 30 80
   20783.262 RX    7C 95 00 26 00 26 00
   20803.841 RX    26 00 26 00 00 00
   20803.881 TX    80
   20814.049 RX    80 80
   20834.476 RX    1C 00 00 86 72 72
   20844.652 RX    FF 65 78 25 00
   20864.979 RX    80 01 00 00
   20875.152 RX    00 1D 81 4F 03 6B
   20895.450 RX    00 30 0C B2 00 00
   20915.793 RX    00
   20915.872 TX    7D
   20926.206 RX    7D 7D
   20946.577 RX    21 40 0A FF 91
   20956.752 RX    00 58 FF FF
   20977.097 RX    01 00 89 64 00
   20987.292 RX    00 29 FF 00 30
   21007.635 RX    80 7C 95 00 26 00 26 00
   21018.475 RX    26 00 26 00 00 00
   21018.521 TX    80
   21038.841 RX    80 80 1C 00 00
   21059.200 RX    86 72 72 FF 65
   21069.374 RX    78 25 00 80 01
   21089.713 RX    00 00 00 1D 81
   21099.898 RX    4F 03 6B 00 30 0C
   21120.245 RX    B2 00 00 00
   21120.296 TX    7D
   21130.460 RX    7D 7D 21
   21150.799 RX    40 0A FF 91 00
   21171.155 RX    58 FF FF 01 00
   21181.314 RX    89 64 00 00 29
   21201.649 RX    FF 00 30 80 7C
   21211.823 RX    95 00 26 00 26 00 26 00
   21232.173 RX    26 00 00 00
   21232.223 TX    80
   21242.382 RX    80 80 1C
   21262.719 RX    00 00 86 72 72 FF
   21283.098 RX    65 78 25 00 80
   21293.408 RX    01 00 00 00
   21313.854 RX    1D 81 4F 03 6B 00
   21324.214 RX    30 0C B2 00 00 00
   21324.264 TX    7D
   21344.639 RX    7D 7D 21 40
   21354.814 RX    0A FF 91 00 58
   21375.170 RX    FF FF 01 00
   21395.532 RX    89 64 00 00 29
   21405.734 RX    FF 00 30 80 7C 95
   21426.187 RX    00 26 00 26 00 26 00 26 00
   21436.465 RX    00 00
   21436.510 TX    80
   21456.906 RX    80 80 1C 00 00 86
   21467.145 RX    71 72 FF 65
   21487.496 RX    78 25 00 80 01
   21508.158 RX    00 00 00 1D 81
   21519.140 RX    4F 03 6B 00 30 0C
   21539.603 RX    B2 00 00 00
   21539.648 TX    7D
   21549.819 RX    7D 7D
   21570.309 RX    21 40 0A FF 91
   21580.489 RX    00 58 FF FF 01
   21601.491 RX    00 89 64 00 00
   21611.744 RX    29 FF 00 30 80
   21632.163 RX    7C 95 00 26 00 26 00
   21642.400 RX    26 00 26 00 00 00
   21642.492 TX    80
   21662.985 RX    80 80 1C 00 00 86
   21683.521 RX    71 72 FF 65 78
   21693.699 RX    25 00 80 01 00
   21714.162 RX    00 00 1D 81
   21724.302 RX    4F 03 6B 00 30 0C B2
   21744.713 RX    00 00 00
   21744.766 TX    7D
   21754.868 RX    7D 7D 21
   21775.245 RX    40 0A FF 91 00
   21795.616 RX    58 FF FF 01 00
   21805.798 RX    89 64 00 00
   21826.209 RX    29 FF 00 30 80
   21836.400 RX    7C 95 00 26 00 26 00 26 00
   21856.749 RX    26 00 00 00
   21856.796 TX    80
   21866.971 RX    80 80 1C
   21887.318 RX    00 00 86 71 72
   21907.669 RX    FF 65 78 25 00
   21917.852 RX    80 01 00 00 00
   21938.294 RX    1D 81 4F 03 6B 00
   21948.485 RX    30 0C B2 00 00 00
   21948.545 TX    7D
   21968.876 RX    7D 7D 21 40
   21979.063 RX    0A FF 91 00 58
   21999.428 RX    FF FF 01 00 89
   22020.565 RX    64 00 00 29 FF
   22030.811 RX    00 30 80 7C 95 00
   22051.201 RX    26 00 26 00 26 00 26 00
   22061.376 RX    00 00
   22061.419 TX    80
   22081.740 RX    80 80 1C 00 00
   22091.906 RX    86 71 72 FF 65
   22112.253 RX    78 25 00 80 01
   22122.556 RX    00 00 00 1D 81
   22142.915 RX    4F 03 6B 00 30
   22163.285 RX    0C B2 00 00 00
   22163.327 TX    7D
   22173.575 RX    7D 7D
   22193.906 RX    21 40 0A FF 91
   22204.083 RX    00 58 FF FF 01
   22224.443 RX    00 89 64 00
   22234.615 RX    00 29 FF 00 30
   22254.945 RX    80 7C 95 00 26 00 26 00
   22275.288 RX    26 00 26 00 00 00
   22275.326 TX    80
   22285.482 RX    80 80
   22305.823 RX    1C 00 00 86 71 72
   22315.996 RX    FF 65 78 25
   22336.294 RX    00 80 01 00 00
   22346.464 RX    00 1D 81 4F 03 6B
   22366.794 RX    00 30 0C B2 00 00
   22387.133 RX    00
   22387.164 TX    7D
   22397.303 RX    7D 7D 21
   22417.646 RX    40 0A FF 91
   22427.821 RX    00 58 FF FF 01
   22448.160 RX    00 89 64 00 00
   22458.303 RX    29 FF 00 30 80
   22478.635 RX    7C 95 00 26 00 26 00 26
   22498.968 RX    00 26 00 00 00
   22499.001 TX    80
   22509.164 RX    80 80
   22529.779 RX    1C 00 00 86 71 72
   22539.967 RX    FF 65 78 24 00
   22560.312 RX    80 01 00 00 00
   22570.488 RX    1D 81 4F 03 6B
   22590.840 RX    00 30 0C B2 00 00
   22611.222 RX    00
   22611.264 TX    7D
   22621.425 RX    7D 7D
   22641.762 RX    21 40 0A FF 91
   22651.944 RX    00 58 FF FF 01
   22672.312 RX    00 89 64 00 00
   22682.484 RX    29 FF 00 30
   22702.822 RX    80 7C 95 00 26 00 26 00
   22723.176 RX    26 00 26 00 00 00
   22723.214 TX    80
   22733.373 RX    80 80
   22753.728 RX    1C 00 00 86 71 72
   22763.916 RX    FF 65 78 25
   22784.271 RX    00 80 01 00 00
   22794.524 RX    00 1D 81 4F 03 6B
   22814.878 RX    00 30 0C B2 00 00
   22835.222 RX    00
   22835.264 TX    7D
   22845.437 RX    7D 7D
   22865.824 RX    21 40 0A FF
   22876.035 RX    91 00 58 FF FF
   22896.414 RX    01 00 89 64 00
   22906.599 RX    00 29 FF 00 30
   22927.107 RX    80 7C 95 00 26 00 26
   22937.536 RX    00 26 00 26 00 00 00
   22937.603 TX    80
   22958.222 RX    80 80 1C 00 00 86
   22978.733 RX    71 72 FF 65 78
   22989.021 RX    25 00 80 01 00
   23009.501 RX    00 00 1D 81 4F
   23019.676 RX    03 6B 00 30 0C B2
   23039.971 RX    00 00 00
   23040.041 TX    7D
   23050.245 RX    7D 7D 21
   23070.654 RX    40 0A FF 91 00
   23091.028 RX    58 FF FF 01 00
   23101.224 RX    89 64 00 00
   23121.567 RX    29 FF 00 30 80
   23131.760 RX    7C 95 00 26 00 26 00 26 00
   23152.126 RX    26 00 00 00
   23152.178 TX    80
   23162.326 RX    80 80 1C
   23182.694 RX    00 00 86 71 72 FF
   23203.055 RX    65 78 25 00
   23213.251 RX    80 01 00 00 00
   23233.631 RX    1D 81 4F 03 6B 00
   23243.813 RX    30 0C B2 00 00 00
   23243.873 TX    7D
   23264.209 RX    7D 7D 21 40 0A
   23274.389 RX    FF 91 00 58
   23294.730 RX    FF FF 01 00 89
   23315.086 RX    64 00 00 29 FF
   23325.270 RX    00 30 80 7C 95 00
   23345.619 RX    26 00 26 00 26 00 26 00 00
   23355.823 RX    00
   23355.874 TX    80
   23376.288 RX    80 80 1C 00 00
   23386.527 RX    86 71 72 FF 65
   23406.890 RX    78 25 00 80 01
   23427.232 RX    00 00 00 1D 81
   23437.403 RX    4F 03 6B 00 30 0C
   23457.756 RX    B2 00 00 00
   23457.798 TX    7D
   23467.952 RX    7D 7D
   23488.294 RX    21 40 0A FF 91
   23498.464 RX    00 58 FF FF 01
   23518.802 RX    00 89 64 00 00
   23539.422 RX    29 FF 00 30
   23549.605 RX    80 7C 95 00 26 00 26 00
   23569.940 RX    26 00 26 00 00 00
   23569.984 TX    80
   23580.148 RX    80 80
   23600.483 RX    1C 00 00 86 71 72
   23610.672 RX    FF 65 78 25 00
   23631.008 RX    80 01 00 00
   23651.312 RX    00 1D 81 4F 03 6B
   23661.493 RX    00 30 0C B2 00 00
   23681.849 RX    00
   23681.887 TX    7D
   23692.063 RX    7D 7D 21
   23712.347 RX    40 0A FF 91 00
   23722.527 RX    58 FF FF 01
   23742.882 RX    00 89 64 00 00
   23763.243 RX    29 FF 00 30 80
   23773.388 RX    7C 95 00 26 00 26 00 26
   23793.736 RX    00 26 00 00 00
   23793.773 TX    80
   23803.952 RX    80 80
   23824.312 RX    1C 00 00 86 71 72
   23834.486 RX    FF 65 78 25 00
   23854.836 RX    80 01 00 00 00
   23875.202 RX    1D 81 4F 03 6B 00
   23885.398 RX    30 0C B2 00 00 00
   23885.434 TX    7D
   23905.754 RX    7D 7D 21
   23915.947 RX    40 0A FF 91 00
   23936.317 RX    58 FF FF 01 00
   23946.511 RX    89 64 00 00 29
   23966.859 RX    FF 00 30 80 7C
   23987.233 RX    95 00 26 00 26 00 26 00
   23997.416 RX    26 00 00 00
   23997.451 TX    80
   24017.768 RX    80 80 1C 00 00
   24027.955 RX    86 71 72 FF 65
   24048.479 RX    78 25 00 80 01
   24058.647 RX    00 00 00 1D
   24079.046 RX    81 4F 03 6B 00 30
   24089.215 RX    0C B2 00 00 00
   24089.257 TX    7D
   24109.542 RX    7D 7D 21 40 0A
   24129.893 RX    FF 91 00 58 FF
   24140.074 RX    FF 01 00 89
   24160.420 RX    64 00 00 29 FF
   24170.596 RX    00 30 80 7C 95 00
   24190.928 RX    26 00 26 00 26 00 26 00 00
   24201.326 RX    00
   24201.365 TX    80
   24221.813 RX    80 80 1C 00 00
   24242.187 RX    86 71 72 FF 65
   24252.374 RX    78 25 00 80 01
   24272.724 RX    00 00 00 1D 81
   24282.918 RX    4F 03 6B 00 30 0C
   24303.281 RX    B2 00 00 00
   24303.319 TX    7D
   24313.480 RX    7D 7D 21
   24333.824 RX    40 0A FF 91 00
   24354.171 RX    58 FF FF 01 00
   24364.321 RX    89 64 00 00 29
   24384.681 RX    FF 00 30 80 7C
   24394.876 RX    95 00 26 00 26 00 26 00
   24415.251 RX    26 00 00 00
   24415.308 TX    80
   24425.474 RX    80 80 1C
   24445.833 RX    00 00 86 71 72 FF
   24466.406 RX    65 77 25 00 80
   24476.685 RX    01 00 00 00
   24497.216 RX    1D 81 4F 03 6B 00
   24507.403 RX    30 0C E4 00 00 00
   24507.451 TX    7D
   24527.845 RX    7D 7D 21 40
   24538.196 RX    0A FF 91 00 58
   24559.167 RX    FF FF 01 00
   24569.478 RX    89 64 00 00 29
   24589.946 RX    FF 00 30 80 7C 95
   24610.378 RX    00 26 00 26 00 26 00 26 00
   24620.559 RX    00 00
   24620.607 TX    80
   24641.099 RX    80 80 1C 00
   24651.313 RX    00 86 71 72 FF
   24671.645 RX    65 77 25 00 80
   24681.821 RX    01 00 00 00 1D
   24702.555 RX    81 4F 03 6B 00 30
   24722.909 RX    0C E4 00 00 00
   24722.955 TX    7D
   24733.118 RX    7D 7D
   24753.670 RX    21 40 0A FF 91
   24763.873 RX    00 58 FF FF 01
   24784.331 RX    00 89 64 00 00
   24794.597 RX    29 FF 00 30 80
   24814.973 RX    7C 95 00 26 00 26 00
   24825.169 RX    26 00 26 00 00 00
   24825.228 TX    80
   24845.562 RX    80 80 1C 00 00 86
   24865.944 RX    71 72 FF 65 77
   24876.146 RX    25 00 80 01
   24896.518 RX    00 00 00 1D 81
   24906.695 RX    4F 03 6B 00 30 0C E4
   24927.038 RX    00 00 00
   24927.086 TX    7D
   24937.256 RX    7D 7D 21 40
   24957.759 RX    0A FF 91 00
   24978.216 RX    58 FF FF 01 00
   24988.486 RX    89 64 00 00 29
   25008.887 RX    FF 00 30 80 7C
   25019.171 RX    95 00 26 00 26 00 26 00 26
   25040.068 RX    00 00 00
   25040.170 TX    80
   25050.472 RX    80 80 1C
   25070.844 RX    00 00 86 71 72 FF
   25081.048 RX    65 77 25 00 80
   25101.435 RX    01 00 00 00 1D
   25121.860 RX    81 4F 03 6B 00
   25132.224 RX    30 0C E4 00 00 00
   25132.290 TX    7D
   25152.669 RX    7D 7D 21 40
   25162.935 RX    0A FF 91 00 58
   25183.605 RX    FF FF 01 00 89
   25193.802 RX    64 00 00 29
   25214.504 RX    FF 00 30 80 7C 95
   25234.905 RX    00 26 00 26 00 26 00 26 00
   25245.162 RX    00 00
   25245.262 TX    80
   25265.777 RX    80 80 1C 00
   25275.976 RX    00 86 71 72 FF
   25296.478 RX    65 77 25 00 80
   25306.690 RX    01 00 00 00 1D
   25327.164 RX    81 4F 03 6B 00 30
   25337.462 RX    0C E4 00 00 00
   25337.513 TX    7D
   25357.864 RX    7D 7D 21 40
   25378.526 RX    0A FF 91 00 58
   25388.706 RX    FF FF 01 00 89
   25409.113 RX    64 00 00 29 FF
   25419.412 RX    00 30 80 7C 95 00
   25439.859 RX    26 00 26 00 26 00 26 00
   25450.075 RX    00 00
   25450.126 TX    80
   25470.551 RX    80 80 1C 00 00
   25490.997 RX    86 71 72 FF 65
   25501.318 RX    77 25 00 80 01
   25521.709 RX    00 00 00 1D
   25532.016 RX    81 4F 03 6B 00 30
   25552.632 RX    0C E4 00 00 00
   25552.697 TX    7D
   25562.915 RX    7D 7D 21
   25583.386 RX    40 0A FF 91 00
   25593.584 RX    58 FF FF 01 00
   25614.003 RX    89 64 00 00
   25634.410 RX    29 FF 00 30 80
   25644.597 RX    7C 95 00 26 00 26 00 26 00
   25664.956 RX    26 00 00 00
   25664.999 TX    80
   25675.230 RX    80 80 1C
   25695.585 RX    00 00 86 71 72
   25705.766 RX    FF 65 78 25 00
   25726.135 RX    80 01 00 00 00
   25746.527 RX    1D 81 4F 03 6B 00
   25756.716 RX    30 0C B2 00 00 00
   25756.762 TX    7D
   25777.086 RX    7D 7D 21
   25787.295 RX    40 0A FF 91 00
   25807.650 RX    58 FF FF 01 00
   25817.832 RX    89 64 00 00 29
   25838.168 RX    FF 00 30 80 7C
   25858.494 RX    95 00 26 00 26 00 26 00
   25868.677 RX    26 00 00 00
   25868.719 TX    80
   25889.052 RX    80 80 1C 00 00
   25899.239 RX    86 71 72 FF 65
   25919.621 RX    78 25 00 80 01
   25929.848 RX    00 00 00 1D 81
   25950.326 RX    4F 03 6B 00 30
   25960.787 RX    0C B2 00 00 00
   25960.835 TX    7D
   25981.158 RX    7D 7D 21 40 0A
   26001.472 RX    FF 91 00 58 FF
   26011.652 RX    FF 01 00 89
   26032.000 RX    64 00 00 29 FF
   26042.179 RX    00 30 80 7C 95 00
   26063.005 RX    26 00 26 00 26 00 26 00 00
   26073.316 RX    00
   26073.371 TX    80
   26093.954 RX    80 80 1C 00 00 86
   26114.416 RX    71 72 FF 65
   26124.625 RX    78 25 00 80 01
   26145.062 RX    00 00 00 1D 81
   26155.411 RX    4F 03 6B 00 30 0C
   26175.858 RX    B2 00 00 00
   26175.908 TX    7D
   26186.154 RX    7D 7D 21
   26206.540 RX    40 0A FF 91
   26216.742 RX    00 58 FF FF 01
   26237.181 RX    00 89 64 00 00
   26257.565 RX    29 FF 00 30 80
   26267.777 RX    7C 95 00 26 00 26 00 26
   26288.267 RX    00 26 00 00 00
   26288.334 TX    80
   26298.563 RX    80 80
   26319.027 RX    1C 00 00 86 71 72
   26329.256 RX    FF 65 78 25 00
   26349.642 RX    80 01 00 00 00
   26370.020 RX    1D 81 4F 03 6B
   26380.244 RX    00 30 0C B2 00 00
   26400.633 RX    00
   26400.680 TX    7D
   26410.876 RX    7D 7D 21
   26431.287 RX    40 0A FF 91 00
   26441.472 RX    58 FF FF 01 00
   26461.860 RX    89 64 00 00
   26482.237 RX    29 FF 00 30 80
   26492.420 RX    7C 95 00 26 00 26 00 26 00
   26512.812 RX    26 00 00 00
   26512.861 TX    80
   26523.098 RX    80 80 1C
   26543.517 RX    00 00 86 71 72 FF
   26553.710 RX    65 78 25 00
   26574.449 RX    80 01 00 00 00
   26584.636 RX    1D 81 4F 03 6B 00
   26605.038 RX    30 0C B2 00 00 00
   26605.087 TX    7D
   26625.413 RX    7D 7D 21 40
   26635.589 RX    0A FF 91 00
   26655.930 RX    58 FF FF 01 00
   26666.107 RX    89 64 00 00 29
   26686.472 RX    FF 00 30 80 7C
   26696.647 RX    95 00 26 00 26 00 26 00 26
   26717.003 RX    00 00 00
   26717.041 TX    80
   26737.384 RX    80 80 1C
   26747.565 RX    00 00 86 71 72 FF
   26767.918 RX    65 78 25 00 80
   26778.097 RX    01 00 00 00 1D
   26798.678 RX    81 4F 03 6B 00
   26808.883 RX    30 0C B2 00 00 00
   26808.925 TX    7D
   26829.345 RX    7D 7D 21 40 0A
   26849.785 RX    FF 91 00 58 FF
   26859.994 RX    FF 01 00 89 64
   26880.939 RX    00 00 29 FF
   26891.476 RX    00 30 80 7C 95 00
   26912.168 RX    26 00 26 00 26 00 26 00 00
   26922.505 RX    00
   26922.564 TX    80
   26943.243 RX    80 80 1C 00 00 86
   26953.586 RX    71 72 FF 65 78
   26974.401 RX    25 00 80 01
   26984.776 RX    00 00 00 1D 81
   27005.214 RX    4F 03 6B 00 30 0C B2
   27025.631 RX    00 00 00
   27025.678 TX    7D
   27035.872 RX    7D 7D 21
   27056.318 RX    40 0A FF 91
   27066.907 RX    00 58 FF FF 01
   27087.395 RX    00 89 64 00 00
   27097.610 RX    29 FF 00 30 80
   27118.014 RX    7C 95 00 26 00 26 00 26
   27138.505 RX    00 26 00 00 00
   27138.552 TX    80
   27148.799 RX    80 80
   27169.431 RX    1C 00 00 86 71 72
   27179.964 RX    FF 65 78 25 00
   27200.397 RX    80 01 00 00 00
   27210.667 RX    1D 81 4F 03 6B 00
   27231.064 RX    30 0C B2 00 00
   27241.283 RX    00
   27241.485 TX    7D
   27262.114 RX    7D 7D 21 40 0A
   27272.431 RX    FF 91 00 58 FF
   27292.787 RX    FF 01 00 89 64
   27313.260 RX    00 00 29 FF
   27323.466 RX    00 30 80 7C 95 00
   27343.803 RX    26 00 26 00 26 00 26 00 00
   27353.992 RX    00
   27354.035 TX    80
   27374.470 RX    80 80 1C 00 00 86
   27384.657 RX    71 72 FF 65 78
   27405.087 RX    25 00 80 01
   27425.463 RX    00 00 00 1D 81
   27435.650 RX    4F 03 6B 00 30 0C B2
   27456.012 RX    00 00 00
   27456.058 TX    7D
   27466.232 RX    7D 7D 21
   27486.630 RX    40 0A FF 91 00
   27496.815 RX    58 FF FF 01
   27517.179 RX    00 89 64 00 00
   27537.548 RX    29 FF 00 30 80
   27547.736 RX    7C 95 00 26 00 26 00 26
   27568.298 RX    00 26 00 00 00
   27568.393 TX    80
   27578.706 RX    80 80
   27599.077 RX    1C 00 00 86 71 72
   27609.266 RX    FF 65 78 25 00
   27629.624 RX    80 01 00 00 00
   27649.990 RX    1D 81 4F 03 6B 00
   27660.199 RX    30 0C B2 00 00
   27680.600 RX    00
   27680.659 TX    7D
   27690.825 RX    7D 7D
   27711.194 RX    21 40 0A FF 91
   27721.377 RX    00 58 FF FF 01
   27741.721 RX    00 89 64 00 00
   27762.105 RX    29 FF 00 30
   27772.301 RX    80 7C 95 00 26 00 26 00
   27792.655 RX    26 00 26 00 00 00
   27792.695 TX    80
   27802.862 RX    80 80
   27823.266 RX    1C 00 00 86 71 72
   27833.448 RX    FF 65 78 25 00
   27853.806 RX    80 01 00 00
   27874.177 RX    00 1D 81 4F 03 6B
   27884.369 RX    00 30 0C B2 00 00
   27904.718 RX    00
   27904.754 TX    7D
   27914.922 RX    7D 7D 21
   27935.295 RX    40 0A FF 91 00
   27945.462 RX    58 FF FF 01
   27965.803 RX    00 89 64 00 00
   27986.206 RX    29 FF 00 30 80
   27996.378 RX    7C 95 00 26 00 26 00 26
   28016.725 RX    00 26 00 00 00
   28016.759 TX    80
   28026.922 RX    80 80
   28047.283 RX    1C 00 00 86 71 72
   28057.496 RX    FF 65 78 25 00
   28077.711 RX    80 01 00 00 00
   28098.075 RX    1D 81 4F 03 6B 00
   28108.387 RX    30 0C B2 00 00
   28128.754 RX    00
   28128.813 TX    7D
   28138.998 RX    7D 7D
   28159.309 RX    21 40 0A FF 91
   28169.491 RX    00 58 FF FF 01
   28189.839 RX    00 89 64 00 00
   28210.196 RX    29 FF 00 30
   28220.389 RX    80 7C 95 00 26 00 26 00
   28240.732 RX    26 00 26 00 00 00
   28240.771 TX    80
   28250.948 RX    80 80
   28271.317 RX    1C 00 00 86 71 72
   28281.501 RX    FF 65 78 25 00
   28301.848 RX    80 01 00 00
   28322.252 RX    00 1D 81 4F 03 6B
   28332.441 RX    00 30 0C B2 00 00
   28352.780 RX    00
   28352.813 TX    7D
   28362.984 RX    7D 7D 21
   28383.314 RX    40 0A FF 91 00
   28393.489 RX    58 FF FF 01
   28413.814 RX    00 89 64 00 00
   28434.174 RX    29 FF 00 30 80
   28444.367 RX    7C 95 00 26 00 26 00 26
   28464.707 RX    00 26 00 00 00
   28464.746 TX    80
   28474.912 RX    80 80
   28495.303 RX    1C 00 00 86 71 72
   28505.680 RX    FF 65 78 25 00
   28526.063 RX    80 01 00 00 00
   28536.327 RX    1D 81 4F 03 6B 00
   28556.775 RX    30 0C B2 00 00
   28577.675 RX    00
   28577.725 TX    7D
   28587.887 RX    7D 7D
   28608.480 RX    21 40 0A FF 91
   28618.842 RX    00 58 FF FF 01
   28639.543 RX    00 89 64 00 00
   28649.775 RX    29 FF 00 30 80
   28670.650 RX    7C 95 00 26 00 26 00
   28680.914 RX    26 00 26 00 00 00
   28680.966 TX    80
   28701.321 RX    80 80 1C 00 00 86
   28721.697 RX    71 72 FF 65 78
   28731.891 RX    25 00 80 01 00
   28752.282 RX    00 00 1D 81
   28762.489 RX    4F 03 6B 00 30 0C B2
   28782.869 RX    00 00 00
   28782.919 TX    7D
   28793.096 RX    7D 7D 21
   28813.526 RX    40 0A FF 91 00
   28824.087 RX    58 FF FF 01
   28844.650 RX    00 89 64 00 00
   28865.371 RX    29 FF 00 30 80
   28875.665 RX    7C 95 00 26 00 26 00 26 00
   28896.476 RX    26 00 00 00
   28896.597 TX    80
   28907.076 RX    80 80 1C
   28927.554 RX    00 00 86 71 72
   28937.807 RX    FF 65 78 25 00
   28958.169 RX    80 01 00 00 00
   28968.697 RX    1D 81 4F 03 6B 00
   28989.216 RX    30 0C B2 00 00 00
   28989.291 TX    7D
   29009.659 RX    7D 7D 21
   29019.850 RX    40 0A FF 91 00
   29040.351 RX    58 FF FF 01 00
   29050.729 RX    89 64 00 00 29
   29071.137 RX    FF 00 30 80 7C
   29081.654 RX    95 00 26 00 26 00 26 00
   29102.020 RX    26 00 00 00
   29102.071 TX    80
   29112.269 RX    80 80 1C
   29132.625 RX    00 00 86 71 72 FF
   29153.024 RX    65 78 25 00 80
   29163.212 RX    01 00 00 00
   29183.566 RX    1D 81 4F 03 6B 00
   29193.760 RX    30 0C B2 00 00 00
   29193.815 TX    7D
   29214.178 RX    7D 7D 21 40 0A
   29224.384 RX    FF 91 00 58 FF
   29244.728 RX    FF 01 00 89
   29265.081 RX    64 00 00 29 FF
   29275.264 RX    00 30 80 7C 95 00
   29295.702 RX    26 00 26 00 26 00 26 00 00
   29305.857 RX    00
   29305.902 TX    80
   29326.171 RX    80 80 1C 00 00 86
   29336.290 RX    71 72 FF 65
   29356.567 RX    78 25 00 80 01
   29376.839 RX    00 00 00 1D 81
   29386.989 RX    4F 03 6B 00 30 0C
   29407.292 RX    B2 00 00 00
   29407.336 TX    7D
   29417.471 RX    7D 7D
   29437.753 RX    21 40 0A FF 91
   29447.946 RX    00 58 FF FF 01
   29468.319 RX    00 89 64 00 00
   29488.683 RX    29 FF 00 30 80
   29498.843 RX    7C 95 00 26 00 26 00
   29519.134 RX    26 00 26 00 00 00
   29519.190 TX    80
   29529.290 RX    80 80 1C
   29549.595 RX    00 00 86 71 72 FF
   29559.856 RX    65 78 25 00 80
   29580.147 RX    01 00 00 00 1D
   29600.686 RX    81 4F 03 6B 00
   29610.851 RX    30 0C B2 00 00 00
   29611.226 TX    7D
   29631.643 RX    7D 7D 21 40
   29641.816 RX    0A FF 91 00 58
   29662.149 RX    FF FF 01 00 89
   29672.302 RX    64 00 00 29
   29692.641 RX    FF 00 30 80 7C 95
   29712.974 RX    00 26 00 26 00 26 00 26 00
   29723.213 RX    00 00
   29723.253 TX    80
   29743.526 RX    80 80 1C 00
   29753.698 RX    00 86 71 72 FF
   29774.096 RX    65 78 25 00 80
   29784.263 RX    01 00 00 00 1D
   29804.853 RX    81 4F 03 6B 00 30
   29825.180 RX    0C B2 00 00 00
   29825.218 TX    7D
   29835.386 RX    7D 7D 21
   29855.714 RX    40 0A FF 91
   29865.888 RX    00 58 FF FF 01
   29886.233 RX    00 89 64 00 00
   29896.379 RX    29 FF 00 30 80
   29916.737 RX    7C 95 00 26 00 26 00 26
   29937.078 RX    00 26 00 00 00
   29937.114 TX    80
   29947.291 RX    80 80
   29967.627 RX    1C 00 00 86 71 72
   29977.802 RX    FF 65 78 25 00
   29998.200 RX    80 01 00 00 00
   30008.372 RX    1D 81 4F 03 6B 00
   30028.723 RX    30 0C B2 00 00
   30049.057 RX    00
   30049.088 TX    7D
   30059.252 RX    7D 7D
   30079.589 RX    21 40 0A FF 91
   30090.312 RX    00 58 FF FF 01
   30110.640 RX    00 89 64 00
   30120.819 RX    00 29 FF 00 30
   30141.178 RX    80 7C 95 00 26 00 26 00
   30161.550 RX    26 00 26 00 00 00
   30161.604 TX    80
   30171.768 RX    80 80
   30192.117 RX    1C 00 00 86 71 72
   30202.306 RX    FF 65 78 25
   30222.649 RX    00 80 01 00 00
   30232.828 RX    00 1D 81 4F 03 6B
   30253.184 RX    00 30 0C B2 00 00
   30273.543 RX    00
   30273.582 TX    7D
   30283.750 RX    7D 7D
   30304.117 RX    21 40 0A FF
   30314.416 RX    91 00 58 FF FF
   30335.015 RX    01 00 89 64 00
   30345.209 RX    00 29 FF 00 30
   30365.740 RX    80 7C 95 00 26 00 26
   30375.999 RX    00 26 00 26 00 00 00
   30376.067 TX    80
   30396.426 RX    80 80 1C 00 00 86
   30416.790 RX    71 72 FF 65 78
   30426.986 RX    25 00 80 01 00
   30447.374 RX    00 00 1D 81 4F
   30457.557 RX    03 6B 00 30 0C B2
   30478.005 RX    00 00 00
   30478.059 TX    7D
   30488.257 RX    7D 7D 21
   30508.686 RX    40 0A FF 91 00
   30529.087 RX    58 FF FF 01 00
   30539.300 RX    89 64 00 00 29
   30559.664 RX    FF 00 30 80
   30569.842 RX    7C 95 00 26 00 26 00 26 00
   30590.198 RX    26 00 00 00
   30590.271 TX    80
   30600.671 RX    80 80 1C
   30621.057 RX    00 00 86 71 72 FF
   30641.424 RX    65 78 25 00
   30651.612 RX    80 01 00 00 00
   30671.983 RX    1D 81 4F 03 6B 00
   30682.170 RX    30 0C B2 00 00 00
   30682.212 TX    7D
   30702.554 RX    7D 7D 21 40 0A
   30712.825 RX    FF 91 00 58
   30733.300 RX    FF FF 01 00 89
   30743.614 RX    64 00 00 29 FF
   30763.961 RX    00 30 80 7C 95 00
   30784.318 RX    26 00 26 00 26 00 26 00 00
   30794.483 RX    00
   30794.534 TX    80
   30814.793 RX    80 80 1C 00 00
   30824.938 RX    86 71 72 FF 65
   30845.243 RX    78 25 00 80 01
   30865.487 RX    00 00 00 1D 81
   30875.649 RX    4F 03 6B 00 30 0C
   30896.055 RX    B2 00 00 00
   30896.113 TX    7D
   30906.307 RX    7D 7D
   30926.715 RX    21 40 0A FF 91
   30936.903 RX    00 58 FF FF 01
   30957.350 RX    00 89 64 00 00
   30967.552 RX    29 FF 00 30
   30987.946 RX    80 7C 95 00 26 00 26 00
   31008.316 RX    26 00 26 00 00 00
   31008.364 TX    80
   31018.518 RX    80 80
   31038.816 RX    1C 00 00 86 71 72
   31048.963 RX    FF 65 78 25 00
   31069.438 RX    80 01 00 00
   31079.612 RX    00 1D 81 4F 03 6B
   31100.303 RX    00 30 0C B2 00 00
   31120.661 RX    00
   31120.706 TX    7D
   31130.872 RX    7D 7D
   31151.247 RX    21 40 0A FF
   31161.441 RX    91 00 58 FF FF
   31181.951 RX    01 00 89 64 00
   31192.142 RX    00 29 FF 00 30
   31212.510 RX    80 7C 95 00 26 00 26
   31232.889 RX    00 26 00 26 00 00 00
   31232.945 TX    80
   31243.119 RX    80 80
   31263.488 RX    1C 00 00 86 71 72
   31273.675 RX    FF 65 78 25 00
   31294.043 RX    80 01 00 00 00
   31304.232 RX    1D 81 4F 03 6B 00
   31324.602 RX    30 0C B2 00 00
   31344.962 RX    00
   31345.000 TX    7D
   31355.172 RX    7D 7D
   31375.503 RX    21 40 0A FF 91
   31385.690 RX    00 58 FF FF 01
   31406.045 RX    00 89 64 00 00
   31416.237 RX    29 FF 00 30
   31436.598 RX    80 7C 95 00 26 00 26 00
   31456.956 RX    26 00 26 00 00 00
   31456.994 TX    80
   31467.166 RX    80 80
   31487.658 RX    1C 00 00 86 71 72
   31497.839 RX    FF 65 78 25 00
   31518.123 RX    80 01 00 00
   31528.264 RX    00 1D 81 4F 03 6B
   31548.542 RX    00 30 0C B2 00 00
   31568.798 RX    00
   31568.830 TX    7D
   31578.954 RX    7D 7D
   31599.204 RX    21 40 0A FF 91
   31609.266 RX    00 58 FF FF
   31629.548 RX    01 00 89 64 00
   31639.675 RX    00 29 FF 00 30
   31659.920 RX    80 7C 95 00 26 00 26
   31680.166 RX    00 26 00 26 00 00 00
   31680.195 TX    80
   31690.285 RX    80 80
   31710.583 RX    1C 00 00 86 71 72
   31720.710 RX    FF 65 78 25 00
   31741.032 RX    80 01 00 00 00
   31761.287 RX    1D 81 4F 03 6B 00
   31771.414 RX    30 0C B2 00 00
   31791.674 RX    00
   31791.721 TX    7D
   31801.839 RX    7D 7D
   31822.082 RX    21 40 0A FF 91
   31832.207 RX    00 58 FF FF 01
   31852.398 RX    00 89 64 00 00
   31872.638 RX    29 FF 00 30 80
   31882.760 RX    7C 95 00 26 00 26 00
   31902.998 RX    26 00 26 00 00 00
   31903.019 TX    80
   31913.142 RX    80 80 1C
   31933.400 RX    00 00 86 71 72 FF
   31943.527 RX    65 78 25 00 80
   31963.802 RX    01 00 00 00
   31984.089 RX    1D 81 4F 03 6B 00
   31994.220 RX    30 0C B2 00 00 00
   31994.264 TX    7D
   32014.527 RX    7D 7D 21 40
   32024.695 RX    0A FF 91 00 58
   32044.965 RX    FF FF 01 00
   32065.213 RX    89 64 00 00 29
   32075.349 RX    FF 00 30 80 7C 95
   32095.597 RX    00 26 00 26 00 26 00 26
   32106.183 RX    00 00 00
   32106.226 TX    80
   32126.650 RX    80 80 1C 00 00
   32136.880 RX    86 71 72 FF 65
   32157.318 RX    78 25 00 80 01
   32167.490 RX    00 00 00 1D 81
   32187.793 RX    4F 03 6B 00 30 0C
   32208.321 RX    B2 00 00 00
   32208.365 TX    7D
   32218.661 RX    7D 7D
   32239.523 RX    21 40 0A FF 91
   32249.785 RX    00 58 FF FF 01
   32270.243 RX    00 89 64 00 00
   32280.530 RX    29 FF 00 30 80
   32300.939 RX    7C 95 00 26 00 26 00
   32311.197 RX    26 00 26 00 00 00
   32311.262 TX    80
   32331.829 RX    80 80 1C 00 00 86
   32352.222 RX    71 72 FF 65 78
   32362.397 RX    25 00 80 01 00
   32382.829 RX    00 00 1D 81
   32393.064 RX    4F 03 6B 00 30 0C B2
   32413.454 RX    00 00 00
   32413.501 TX    7D
   32423.709 RX    7D 7D 21
   32444.105 RX    40 0A FF 91 00
   32464.523 RX    58 FF FF 01
   32474.799 RX    00 89 64 00 00
   32495.263 RX    29 FF 00 30 80
   32505.485 RX    7C 95 00 26 00 26 00 26 00
   32525.865 RX    26 00 00 00
   32525.916 TX    80
   32536.112 RX    80 80 1C
   32556.614 RX    00 00 86 71 72
   32577.046 RX    FF 65 78 25 00
   32587.268 RX    80 01 00 00 00
   32607.692 RX    1D 81 4F 03 6B 00
   32618.670 RX    30 0C B2 00 00 00
   32618.722 TX    7D
   32639.316 RX    7D 7D 21 40
   32649.505 RX    0A FF 91 00 58
   32669.886 RX    FF FF 01 00 89
   32680.068 RX    64 00 00 29 FF
   32700.459 RX    00 30 80 7C 95 00
   32720.850 RX    26 00 26 00 26 00 26 00
   32731.042 RX    00 00
   32731.086 TX    80
   32751.434 RX    80 80 1C 00 00
   32761.622 RX    86 71 72 FF 65
   32781.994 RX    78 25 00 80 01
   32792.184 RX    00 00 00 1D
   32812.633 RX    81 4F 03 6B 00 30
   32833.055 RX    0C B2 00 00 00
   32833.091 TX    7D
   32843.314 RX    7D 7D
   32863.752 RX    21 40 0A FF 91
   32873.961 RX    00 58 FF FF 01
   32894.318 RX    00 89 64 00
   32904.492 RX    00 29 FF 00 30
   32924.875 RX    80 7C 95 00 26 00 26 00
   32935.073 RX    26 00 26 00 00 00
   32935.112 TX    80
   32955.445 RX    80 80 1C 00 00 86
   32975.821 RX    71 72 FF 65
   32986.018 RX    78 25 00 80 01
   33006.461 RX    00 00 00 1D 81
   33016.788 RX    4F 03 6B 00 30 0C B2
   33037.191 RX    00 00 00
   33037.224 TX    7D
   33047.388 RX    7D 7D 21 40
   33067.700 RX    0A FF 91 00
   33088.278 RX    58 FF FF 01 00
   33098.445 RX    89 64 00 00 29
   33119.538 RX    FF 00 30 80 7C
   33129.708 RX    95 00 26 00 26 00 26 00
   33150.027 RX    26 00 00 00
   33150.073 TX    80
   33160.223 RX    80 80 1C
   33180.568 RX    00 00 86 71 72 FF
   33201.016 RX    65 78 25 00 80
   33211.205 RX    01 00 00 00 1D
   33231.562 RX    81 4F 03 6B 00
   33241.743 RX    30 0C B2 00 00 00
   33241.782 TX    7D
   33262.124 RX    7D 7D 21 40
   33272.316 RX    0A FF 91 00 58
   33292.736 RX    FF FF 01 00 89
   33302.954 RX    64 00 00 29
   33323.303 RX    FF 00 30 80 7C 95
   33343.736 RX    00 26 00 26 00 26 00 26 00
   33353.914 RX    00 00
   33353.963 TX    80
   33374.296 RX    80 80 1C 00
   33384.472 RX    00 86 71 72 FF
   33404.778 RX    65 78 25 00 80
   33414.924 RX    01 00 00 00 1D
   33435.266 RX    81 4F 03 6B 00 30
   33455.557 RX    0C B2 00 00 00
   33455.618 TX    7D
   33465.750 RX    7D 7D 21
   33486.028 RX    40 0A FF 91
   33496.174 RX    00 58 FF FF 01
   33516.622 RX    00 89 64 00 00
   33526.848 RX    29 FF 00 30 80
   33547.174 RX    7C 95 00 26 00 26 00 26
   33567.491 RX    00 26 00 00 00
   33567.538 TX    80
   33577.707 RX    80 80
   33598.065 RX    1C 00 00 86 71 72
   33608.269 RX    FF 65 78 25 00
   33629.508 RX    80 01 00 00 00
   33639.692 RX    1D 81 4F 03 6B 00
   33660.071 RX    30 0C B2 00 00
   33680.445 RX    00
   33680.488 TX    7D
   33690.675 RX    7D 7D
   33711.068 RX    21 40 0A FF 91
   33721.233 RX    00 58 FF FF 01
   33741.506 RX    00 89 64 00 00
   33751.671 RX    29 FF 00 30
   33771.991 RX    80 7C 95 00 26 00 26 00
   33792.263 RX    26 00 26 00 00 00
   33792.309 TX    80
   33802.446 RX    80 80
   33822.732 RX    1C 00 00 86 71 72
   33832.873 RX    FF 65 78 25
   33853.132 RX    00 80 01 00 00
   33863.268 RX    00 1D 81 4F 03 6B
   33883.546 RX    00 30 0C B2 00 00
   33904.003 RX    00
   33904.043 TX    7D
   33914.211 RX    7D 7D 21
   33934.574 RX    40 0A FF 91
   33944.759 RX    00 58 FF FF 01
   33965.126 RX    00 89 64 00 00
   33975.307 RX    29 FF 00 30 80
   33995.643 RX    7C 95 00 26 00 26 00 26
   34015.989 RX    00 26 00 00 00
   34016.082 TX    80
   34026.383 RX    80 80
   34046.721 RX    1C 00 00 86 71 72
   34056.888 RX    FF 65 78 25 00
   34077.306 RX    80 01 00 00 00
   34087.724 RX    1D 81 4F 03 6B 00
   34108.085 RX    30 0C B2 00 00
   34129.083 RX    00
   34129.138 TX    7D
   34139.308 RX    7D 7D
   34159.652 RX    21 40 0A FF 91
   34169.831 RX    00 58 FF FF 01
   34190.182 RX    00 89 64 00 00
   34200.338 RX    29 FF 00 30
   34220.684 RX    80 7C 95 00 26 00 26 00
   34230.887 RX    26 00 26 00 00 00
   34230.930 TX    80
   34251.262 RX    80 80 1C 00 00 86
   34271.613 RX    71 72 FF 65 78
   34281.789 RX    25 00 80 01
   34302.130 RX    00 00 00 1D 81
   34312.316 RX    4F 03 6B 00 30 0C B2
   34332.682 RX    00 00 00
   34332.717 TX    7D
   34342.886 RX    7D 7D 21
   34363.241 RX    40 0A FF 91
   34383.603 RX    00 58 FF FF 01
   34393.877 RX    00 89 64 00 00
   34414.235 RX    29 FF 00 30 80
   34424.409 RX    7C 95 00 26 00 26 00 26
   34444.757 RX    00 26 00 00 00
   34444.821 TX    80
   34454.985 RX    80 80 1C
   34475.340 RX    00 00 86 71 72 FF
   34495.690 RX    65 78 25 00 80
   34505.868 RX    01 00 00 00 1D
   34526.234 RX    81 4F 03 6B 00 30
   34536.405 RX    0C B2 00 00 00
   34536.448 TX    7D
   34556.799 RX    7D 7D 21 40
   34567.102 RX    0A FF 91 00 58
   34587.477 RX    FF FF 01 00 89
   34607.829 RX    64 00 00 29 FF
   34618.016 RX    00 30 80 7C 95
   34638.756 RX    00 26 00 26 00 26 00 26 00
   34648.968 RX    00 00
   34649.030 TX    80
   34669.381 RX    80 80 1C 00 00
   34679.605 RX    86 71 72 FF 65
   34700.084 RX    78 25 00 80 01
   34710.730 RX    00 00 00 1D
   34731.733 RX    81 4F 03 6B 00 30
   34752.131 RX    0C B2 00 00 00
   34752.183 TX    7D
   34762.411 RX    7D 7D
   34782.832 RX    21 40 0A FF 91
   34793.127 RX    00 58 FF FF
   34813.494 RX    01 00 89 64 00
   34823.699 RX    00 29 FF 00 30
   34844.089 RX    80 7C 95 00 26 00 26
   34864.464 RX    00 26 00 26 00 00 00
   34864.513 TX    80
   34874.693 RX    80 80
   34895.213 RX    1C 00 00 86 71
   34905.387 RX    72 FF 65 78 25
   34925.726 RX    00 80 01 00 00
   34935.908 RX    00 1D 81 4F 03
   34956.230 RX    6B 00 30 0C B2 00 00
   34966.425 RX    00
   34966.469 TX    7D
   34986.767 RX    7D 7D 21 40 0A
   35007.117 RX    FF 91 00 58 FF
   35017.314 RX    FF 01 00 89 64
   35037.714 RX    00 00 29 FF 00
   35047.915 RX    30 80 7C 95 00
   35068.305 RX    26 00 26 00 26 00 26 00 00
   35078.636 RX    00
   35078.697 TX    80
   35099.111 RX    80 80 1C 00 00 86
   35119.457 RX    71 72 FF 65 78
   35129.778 RX    25 00 80 01 00
   35150.073 RX    00 00 1D 81
   35160.234 RX    4F 03 6B 00 30 0C B2
   35180.488 RX    00 00 00
   35180.533 TX    7D
   35190.663 RX    7D 7D 21
   35210.934 RX    40 0A FF 91 00
   35231.201 RX    58 FF FF 01
   35241.343 RX    00 89 64 00 00
   35261.607 RX    29 FF 00 30 80
   35271.739 RX    7C 95 00 26 00 26 00 26
   35291.990 RX    00 26 00 00 00
   35292.023 TX    80
   35312.267 RX    80 80 1C
   35322.420 RX    00 00 86 71 72 FF
   35342.673 RX    65 78 25 00 80
   35352.801 RX    01 00 00 00 1D
   35373.055 RX    81 4F 03 6B 00 30
   35383.185 RX    0C B2 00 00 00
   35383.375 TX    7D
   35403.869 RX    7D 7D 21 40
   35424.123 RX    0A FF 91 00 58
   35434.252 RX    FF FF 01 00 89
   35454.508 RX    64 00 00 29 FF
   35464.637 RX    00 30 80 7C 95
   35484.890 RX    00 26 00 26 00 26 00 26 00
   35495.066 RX    00 00
   35495.136 TX    80
   35515.467 RX    80 80 1C 00 00 86
   35535.818 RX    71 72 FF 65 78
   35546.001 RX    25 00 80 01 00
   35566.320 RX    00 00 1D 81
   35576.493 RX    4F 03 6B 00 30 0C B2
   35596.829 RX    00 00 00
   35596.881 TX    7D
   35607.042 RX    7D 7D 21
   35627.382 RX    40 0A FF 91 00
   35647.654 RX    58 FF FF 01
   35657.838 RX    00 89 64 00 00
   35678.177 RX    29 FF 00 30 80
   35688.363 RX    7C 95 00 26 00 26 00 26 00
   35708.702 RX    26 00 00 00
   35708.741 TX    80
   35718.899 RX    80 80 1C
   35739.243 RX    00 00 86 71 72
   35759.578 RX    FF 65 78 25 00
   35769.751 RX    80 01 00 00 00
   35790.096 RX    1D 81 4F 03 6B 00
   35800.283 RX    30 0C B2 00 00 00
   35800.321 TX    7D
   35820.673 RX    7D 7D 21 40
   35830.865 RX    0A FF 91 00 58
   35851.254 RX    FF FF 01 00 89
   35871.606 RX    64 00 00 29 FF
   35881.780 RX    00 30 80 7C 95 00
   35902.331 RX    26 00 26 00 26 00 26 00
   35912.523 RX    00 00
   35912.571 TX    80
   35932.906 RX    80 80 1C 00 00
   35943.103 RX    86 71 72 FF 65
   35963.553 RX    78 25 00 80 01
   35983.944 RX    00 00 00 1D 81
   35994.241 RX    4F 03 6B 00 30
   36014.668 RX    0C B2 00 00 00
   36014.713 TX    7D
   36024.992 RX    7D 7D
   36045.869 RX    21 40 0A FF 91
   36056.236 RX    00 58 FF FF 01
   36076.748 RX    00 89 64 00
   36086.933 RX    00 29 FF 00 30
   36107.561 RX    80 7C 95 00 26 00 26 00
   36128.204 RX    26 00 26 00 00 00
   36128.311 TX    80
   36138.829 RX    80 80
   36159.297 RX    1C 00 00 86 71 72
   36169.546 RX    FF 65 78 25
   36190.008 RX    00 80 01 00 00
   36200.245 RX    00 1D 81 4F 03 6B
   36220.652 RX    00 30 0C B2 00 00
   36230.855 RX    00
   36230.906 TX    7D
   36251.420 RX    7D 7D 21 40
   36271.788 RX    0A FF 91 00 58
   36281.981 RX    FF FF 01 00 89
   36302.317 RX    64 00 00 29 FF
   36312.503 RX    00 30 80 7C 95 00
   36332.875 RX    26 00 26 00 26 00 26 00
   36343.066 RX    00 00
   36343.112 TX    80
   36363.457 RX    80 80 1C 00 00 86
   36383.818 RX    71 72 FF 65 78
   36394.007 RX    25 00 80 01 00
   36414.378 RX    00 00 1D 81
   36424.577 RX    4F 03 6B 00 30 0C B2
   36445.017 RX    00 00 00
   36445.081 TX    7D
   36455.298 RX    7D 7D 21
   36475.675 RX    40 0A FF 91 00
   36496.017 RX    58 FF FF 01 00
   36506.213 RX    89 64 00 00
   36526.568 RX    29 FF 00 30 80
   36536.751 RX    7C 95 00 26 00 26 00 26 00
   36557.117 RX    26 00 00 00
   36557.163 TX    80
   36567.321 RX    80 80 1C
   36587.686 RX    00 00 86 71 72 FF
   36608.057 RX    65 78 25 00
   36618.287 RX    80 01 00 00 00
   36638.711 RX    1D 81 4F 03 6B 00
   36648.907 RX    30 0C B2 00 00 00
   36648.950 TX    7D
   36669.303 RX    7D 7D 21 40 0A
   36679.496 RX    FF 91 00 58
   36699.870 RX    FF FF 01 00 89
   36710.067 RX    64 00 00 29 FF
   36730.470 RX    00 30 80 7C 95 00
   36750.847 RX    26 00 26 00 26 00 26 00 00
   36761.046 RX    00
   36761.101 TX    80
   36781.446 RX    80 80 1C 00 00
   36791.639 RX    86 71 72 FF 65
   36812.013 RX    78 25 00 80 01
   36822.213 RX    00 00 00 1D 81
   36842.663 RX    4F 03 6B 00 30
   36863.036 RX    0C B2 00 00 00
   36863.103 TX    7D
   36873.267 RX    7D 7D
   36893.613 RX    21 40 0A FF 91
   36903.791 RX    00 58 FF FF 01
   36924.136 RX    00 89 64 00 00
   36934.313 RX    29 FF 00 30
   36954.654 RX    80 7C 95 00 26 00 26 00
   36974.992 RX    26 00 26 00 00 00
   36975.051 TX    80
   36985.220 RX    80 80
   37005.559 RX    1C 00 00 86 71 72
   37015.738 RX    FF 65 78 25 00
   37036.092 RX    80 01 00 00
   37046.379 RX    00 1D 81 4F 03 6B
   37066.882 RX    00 30 0C B2 00 00
   37087.237 RX    00
   37087.287 TX    7D
   37097.450 RX    7D 7D
   37117.800 RX    21 40 0A FF 91
   37128.118 RX    00 58 FF FF
   37148.805 RX    01 00 89 64 00
   37159.006 RX    00 29 FF 00 30
   37179.418 RX    80 7C 95 00 26 00 26
   37199.813 RX    00 26 00 26 00 00 00
   37199.874 TX    80
   37210.054 RX    80 80
   37230.457 RX    1C 00 00 86 71 72
   37240.653 RX    FF 65 78 25 00
   37261.047 RX    80 01 00 00 00
   37271.243 RX    1D 81 4F 03 6B 00
   37291.635 RX    30 0C B2 00 00
   37301.908 RX    00
   37301.958 TX    7D
   37322.463 RX    7D 7D 21 40 0A
   37343.135 RX    FF 91 00 58 FF
   37353.315 RX    FF 01 00 89 64
   37373.652 RX    00 00 29 FF
   37383.839 RX    00 30 80 7C 95 00
   37404.221 RX    26 00 26 00 26 00 26 00 00
   37414.486 RX    00
   37414.546 TX    80
   37434.880 RX    80 80 1C 00 00 86
   37455.451 RX    71 72 FF 65 78
   37465.709 RX    25 00 80 01
   37486.419 RX    00 00 00 1D 81
   37496.645 RX    4F 03 6B 00 30 0C B2
   37517.119 RX    00 00 00
   37517.201 TX    7D
   37527.520 RX    7D 7D 21
   37547.975 RX    40 0A FF 91
   37558.166 RX    00 58 FF FF 01
   37578.698 RX    00 89 64 00 00
   37599.065 RX    29 FF 00 30 80
   37609.353 RX    7C 95 00 26 00 26 00 26
   37629.719 RX    00 26 00 00 00
   37629.761 TX    80
   37640.453 RX    80 80
   37660.849 RX    1C 00 00 86 71 72
   37671.051 RX    FF 65 78 25 00
   37691.583 RX    80 01 00 00 00
   37701.984 RX    1D 81 4F 03 6B 00
   37722.560 RX    30 0C B2 00 00
   37742.973 RX    00
   37743.030 TX    7D
   37753.230 RX    7D 7D
   37773.637 RX    21 40 0A FF 91
   37783.850 RX    00 58 FF FF 01
   37804.296 RX    00 89 64 00 00
   37814.506 RX    29 FF 00 30
   37834.890 RX    80 7C 95 00 26 00 26 00
   37855.265 RX    26 00 26 00 00 00
   37855.333 TX    80
   37865.643 RX    80 80
   37886.055 RX    1C 00 00 86 71 72
   37896.249 RX    FF 65 78 25 00
   37916.646 RX    80 01 00 00
   37926.858 RX    00 1D 81 4F 03 6B
   37947.245 RX    00 30 0C B2 00 00
   37967.677 RX    00
   37967.750 TX    7D
   37978.055 RX    7D 7D
   37998.505 RX    21 40 0A FF 91
   38008.729 RX    00 58 FF FF
   38029.162 RX    01 00 89 64 00
   38039.341 RX    00 29 FF 00 30
   38059.908 RX    80 7C 95 00 26 00 26
   38070.161 RX    00 26 00 26 00 00 00
   38070.211 TX    80
   38090.579 RX    80 80 1C 00 00
   38110.982 RX    86 71 72 FF 65
   38121.187 RX    78 25 00 80 01
   38141.558 RX    00 00 00 1D 81
   38152.657 RX    4F 03 6B 00 30 0C
   38173.018 RX    B2 00 00 00
   38173.090 TX    7D
   38183.426 RX    7D 7D
   38203.829 RX    21 40 0A FF 91
   38214.046 RX    00 58 FF FF 01
   38234.445 RX    00 89 64 00 00
   38254.829 RX    29 FF 00 30
   38265.056 RX    80 7C 95 00 26 00 26 00
   38285.477 RX    26 00 26 00 00 00
   38285.522 TX    80
   38295.709 RX    80 80 1C
   38316.060 RX    00 00 86 71 72 FF
   38326.279 RX    65 78 25 00 80
   38346.724 RX    01 00 00 00
   38367.115 RX    1D 81 4F 03 6B 00
   38377.340 RX    30 0C B2 00 00 00
   38377.378 TX    7D
   38397.737 RX    7D 7D 21 40
   38407.949 RX    0A FF 91 00 58
   38428.314 RX    FF FF 01 00
   38438.532 RX    89 64 00 00 29
   38458.922 RX    FF 00 30 80 7C 95
   38479.325 RX    00 26 00 26 00 26 00 26
   38489.526 RX    00 00 00
   38489.565 TX    80
   38509.931 RX    80 80 1C
   38520.186 RX    00 00 86 71 72 FF
   38540.565 RX    65 78 25 00 80
   38550.763 RX    01 00 00 00 1D
   38571.139 RX    81 4F 03 6B 00 30
   38591.500 RX    0C B2 00 00 00
   38591.537 TX    7D
   38601.736 RX    7D 7D
   38622.122 RX    21 40 0A FF 91
   38632.315 RX    00 58 FF FF 01
   38652.984 RX    00 89 64 00 00
   38663.177 RX    29 FF 00 30 80
   38683.546 RX    7C 95 00 26 00 26 00
   38693.736 RX    26 00 26 00 00 00
   38693.786 TX    80
   38714.197 RX    80 80 1C 00 00 86
   38734.581 RX    71 72 FF 65 78
   38744.806 RX    25 00 80 01 00
   38765.216 RX    00 00 1D 81
   38775.417 RX    4F 03 6B 00 30 0C B2
   38795.832 RX    00 00 00
   38795.879 TX    7D
   38806.057 RX    7D 7D 21
   38826.451 RX    40 0A FF 91 00
   38847.171 RX    58 FF FF 01 00
   38857.516 RX    89 64 00 00
   38877.933 RX    29 FF 00 30 80
   38888.187 RX    7C 95 00 26 00 26 00 26 00
   38908.705 RX    26 00 00 00
   38908.767 TX    80
   38918.932 RX    80 80 1C
   38939.355 RX    00 00 86 71 72
   38949.550 RX    FF 65 78 25 00
   38969.940 RX    80 01 00 00 00
   38990.451 RX    1D 81 4F 03 6B 00
   39000.676 RX    30 0C B2 00 00 00
   39000.729 TX    7D
   39021.164 RX    7D 7D 21
   39031.423 RX    40 0A FF 91 00
   39051.801 RX    58 FF FF 01 00
   39062.245 RX    89 64 00 00 29
   39082.932 RX    FF 00 30 80 7C
   39103.400 RX    95 00 26 00 26 00 26 00
   39113.591 RX    26 00 00 00
   39113.641 TX    80
   39134.230 RX    80 80 1C 00 00
   39145.055 RX    86 71 72 FF 65
   39166.213 RX    78 25 00 80 01
   39176.408 RX    00 00 00 1D 81
   39196.770 RX    4F 03 6B 00 30
   39206.943 RX    0C B2 00 00 00
   39206.994 TX    7D
   39227.326 RX    7D 7D 21 40
   39237.507 RX    0A FF 91 00 58
   39257.856 RX    FF FF 01 00 89
   39278.235 RX    64 00 00 29
   39288.440 RX    FF 00 30 80 7C 95
   39308.791 RX    00 26 00 26 00 26 00 26 00
   39318.985 RX    00 00
   39319.032 TX    80
   39339.369 RX    80 80 1C 00 00 86
   39349.578 RX    71 72 FF 65
   39369.990 RX    78 25 00 80 01
   39390.379 RX    00 00 00 1D 81
   39400.555 RX    4F 03 6B 00 30 0C
   39420.915 RX    B2 00 00 00
   39420.968 TX    7D
   39431.139 RX    7D 7D
   39451.491 RX    21 40 0A FF 91
   39461.695 RX    00 58 FF FF 01
   39482.059 RX    00 89 64 00 00
   39502.415 RX    29 FF 00 30 80
   39512.615 RX    7C 95 00 26 00 26 00 26
   39532.980 RX    00 26 00 00 00
   39533.022 TX    80
   39543.204 RX    80 80
   39563.572 RX    1C 00 00 86 71 72
   39573.750 RX    FF 65 78 25 00
   39594.109 RX    80 01 00 00 00
   39614.466 RX    1D 81 4F 03 6B
   39624.627 RX    00 30 0C B2 00 00
   39644.973 RX    00
   39645.030 TX    7D
   39655.097 RX    7D 7D 21
   39675.570 RX    40 0A FF 91 00
   39685.749 RX    58 FF FF 01 00
   39706.102 RX    89 64 00 00
   39726.420 RX    29 FF 00 30 80
   39736.557 RX    7C 95 00 26 00 26 00 26 00
   39756.837 RX    26 00 00 00
   39756.876 TX    80
   39767.007 RX    80 80 1C
   39787.288 RX    00 00 86 71 72 FF
   39797.422 RX    65 78 25 00
   39817.679 RX    80 01 00 00 00
   39837.944 RX    1D 81 4F 03 6B 00
   39848.077 RX    30 0C B2 00 00 00
   39848.118 TX    7D
   39868.417 RX    7D 7D 21 40
   39878.637 RX    0A FF 91 00
   39898.975 RX    58 FF FF 01 00
   39909.226 RX    89 64 00 00 29
   39929.776 RX    FF 00 30 80 7C
   39950.144 RX    95 00 26 00 26 00 26 00 26
   39960.301 RX    00 00 00
   39960.338 TX    80
   39980.642 RX    80 80 1C 00 00
   39990.827 RX    86 71 72 FF 65
   40011.190 RX    78 25 00 80 01
   40021.374 RX    00 00 00 1D 81
   40041.729 RX    4F 03 6B 00 30
   40062.048 RX    0C B2 00 00 00
   40062.120 TX    7D
   40072.309 RX    7D 7D
   40092.728 RX    21 40 0A FF 91
   40102.934 RX    00 58 FF FF 01
   40123.310 RX    00 89 64 00 00
   40133.490 RX    29 FF 00 30
   40153.844 RX    80 7C 95 00 26 00 26 00
   40174.383 RX    26 00 26 00 00 00
   40174.447 TX    80
   40184.610 RX    80 80
   40204.943 RX    1C 00 00 86 71 72
   40215.113 RX    FF 65 78 25 00
   40235.482 RX    80 01 00 00
   40245.665 RX    00 1D 81 4F 03 6B
   40266.017 RX    00 30 0C B2 00 00
   40286.374 RX    00
   40286.409 TX    7D
   40296.577 RX    7D 7D 21
   40316.935 RX    40 0A FF 91
   40327.102 RX    00 58 FF FF 01
   40347.454 RX    00 89 64 00 00
   40357.630 RX    29 FF 00 30 80
   40377.998 RX    7C 95 00 26 00 26 00 26
   40398.371 RX    00 26 00 00 00
   40398.422 TX    80
   40408.512 RX    80 80
   40428.933 RX    1C 00 00 86 71 72
   40439.113 RX    FF 65 78 25 00
   40459.475 RX    80 01 00 00 00
   40469.690 RX    1D 81 4F 03 6B 00
   40490.063 RX    30 0C B2 00 00
   40510.425 RX    00
   40510.515 TX    7D
   40520.840 RX    7D 7D
   40541.202 RX    21 40 0A FF 91
   40551.367 RX    00 58 FF FF 01
   40571.733 RX    00 89 64 00 00
   40581.916 RX    29 FF 00 30
   40602.492 RX    80 7C 95 00 26 00 26 00
   40613.147 RX    26 00 26 00 00 00
   40613.227 TX    80
   40633.666 RX    80 80 1C 00 00 86
   40654.417 RX    71 72 FF 65 78
   40664.553 RX    25 00 80 01
   40684.975 RX    00 00 00 1D 81
   40695.198 RX    4F 03 6B 00 30 0C B2
   40715.652 RX    00 00 00
   40715.738 TX    7D
   40726.056 RX    7D 7D 21
   40746.502 RX    40 0A FF 91
   40766.878 RX    00 58 FF FF 01
   40777.066 RX    00 89 64 00 00
   40797.439 RX    29 FF 00 30 80
   40807.624 RX    7C 95 00 26 00 26 00 26
   40828.022 RX    00 26 00 00 00
   40828.072 TX    80
   40838.243 RX    80 80
   40858.616 RX    1C 00 00 86 71 72
   40878.985 RX    FF 65 78 25 00
   40889.171 RX    80 01 00 00 00
   40909.482 RX    1D 81 4F 03 6B 00
   40919.664 RX    30 0C B2 00 00
   40940.025 RX    00
   40940.066 TX    7D
   40950.240 RX    7D 7D 21
   40970.608 RX    40 0A FF 91 00
   40991.006 RX    58 FF FF 01 00
   41001.241 RX    89 64 00 00 29
   41021.667 RX    FF 00 30 80
   41031.871 RX    7C 95 00 26 00 26 00 26 00
   41052.240 RX    26 00 00 00
   41052.301 TX    80
   41062.470 RX    80 80 1C
   41082.883 RX    00 00 86 71 72 FF
   41093.070 RX    65 78 25 00 80
   41113.437 RX    01 00 00 00
   41133.806 RX    1D 81 4F 03 6B 00
   41143.999 RX    30 0C B2 00 00 00
   41144.040 TX    7D
   41165.050 RX    7D 7D 21 40
   41175.246 RX    0A FF 91 00 58
   41195.608 RX    FF FF 01 00
   41205.798 RX    89 64 00 00 29
   41226.179 RX    FF 00 30 80 7C 95
   41246.553 RX    00 26 00 26 00 26 00 26 00
   41256.733 RX    00 00
   41256.776 TX    80
   41277.107 RX    80 80 1C
   41287.440 RX    00 00 86 71 72 FF
   41307.921 RX    65 78 25 00 80
   41318.110 RX    01 00 00 00 1D
   41338.473 RX    81 4F 03 6B 00 30
   41358.818 RX    0C B2 00 00 00
   41358.854 TX    7D
   41369.030 RX    7D 7D
   41389.373 RX    21 40 0A FF 91
   41399.555 RX    00 58 FF FF 01
   41419.908 RX    00 89 64 00 00
   41430.088 RX    29 FF 00 30 80
   41450.469 RX    7C 95 00 26 00 26 00
   41470.949 RX    26 00 26 00 00 00
   41470.988 TX    80
   41481.191 RX    80 80
   41501.654 RX    1C 00 00 86 71 72
   41511.872 RX    FF 65 78 25 00
   41532.310 RX    80 01 00 00
   41542.655 RX    00 1D 81 4F 03 6B
   41563.044 RX    00 30 0C B2 00 00
   41573.270 RX    00
   41573.320 TX    7D
   41593.821 RX    7D 7D 21 40 0A
   41614.179 RX    FF 91 00 58 FF
   41624.398 RX    FF 01 00 89
   41644.764 RX    64 00 00 29 FF
   41654.943 RX    00 30 80 7C 95 00
   41675.717 RX    26 00 26 00 26 00 26 00 00
   41685.938 RX    00
   41685.979 TX    80
   41706.418 RX    80 80 1C 00 00
   41726.834 RX    86 71 72 FF 65
   41737.025 RX    78 24 00 80 01
   41757.411 RX    00 00 00 1D 81
   41767.595 RX    4F 03 6B 00 30 0C
   41787.996 RX    B2 00 00 00
   41788.059 TX    7D
   41798.260 RX    7D 7D
   41818.621 RX    21 40 0A FF 91
   41828.839 RX    00 58 FF FF 01
   41849.198 RX    00 89 64 00 00
   41869.548 RX    29 FF 00 30 80
   41879.726 RX    7C 95 00 26 00 26 00
   41900.104 RX    26 00 26 00 00 00
   41900.154 TX    80
   41910.322 RX    80 80 1C
   41930.704 RX    00 00 86 71 72 FF
   41940.891 RX    65 78 25 00 80
   41961.272 RX    01 00 00 00
   41981.632 RX    1D 81 4F 03 6B 00
   41991.812 RX    30 0C B2 00 00 00
   41991.857 TX    7D
   42012.199 RX    7D 7D 21 40
   42022.385 RX    0A FF 91 00 58
   42042.770 RX    FF FF 01 00 89
   42052.948 RX    64 00 00 29
   42073.330 RX    FF 00 30 80 7C 95
   42093.880 RX    00 26 00 26 00 26 00 26 00
   42104.083 RX    00 00
   42104.137 TX    80
   42124.529 RX    80 80 1C 00
   42134.722 RX    00 86 71 72 FF
   42155.151 RX    65 78 25 00 80
   42165.409 RX    01 00 00 00 1D
   42186.680 RX    81 4F 03 6B 00 30
   42196.984 RX    0C B2 00 00 00
   42197.036 TX    7D
   42217.631 RX    7D 7D 21 40
   42238.109 RX    0A FF 91 00 58
   42248.335 RX    FF FF 01 00 89
   42268.734 RX    64 00 00 29 FF
   42278.961 RX    00 30 80 7C 95 00
   42299.432 RX    26 00 26 00 26 00 26 00
   42309.669 RX    00 00
   42309.834 TX    80
   42330.389 RX    80 80 1C 00 00
   42340.577 RX    86 71 72 FF 65
   42361.036 RX    78 25 00 80 01
   42381.486 RX    00 00 00 1D
   42391.707 RX    81 4F 03 6B 00 30
   42412.112 RX    0C B2 00 00 00
   42412.163 TX    7D
   42422.337 RX    7D 7D 21
   42442.740 RX    40 0A FF 91 00
   42452.969 RX    58 FF FF 01 00
   42473.397 RX    89 64 00 00
   42493.790 RX    29 FF 00 30 80
   42504.063 RX    7C 95 00 26 00 26 00 26 00
   42524.500 RX    26 00 00 00
   42524.552 TX    80
   42534.840 RX    80 80 1C
   42555.462 RX    00 00 86 71 72
   42565.675 RX    FF 65 78 25 00
   42586.029 RX    80 01 00 00 00
   42606.408 RX    1D 81 4F 03 6B 00
   42616.611 RX    30 0C B2 00 00 00
   42616.667 TX    7D
   42637.032 RX    7D 7D 21 40
   42647.247 RX    0A FF 91 00
   42667.671 RX    58 FF FF 01 00
   42677.870 RX    89 64 00 00 29
   42698.475 RX    FF 00 30 80 7C
   42708.682 RX    95 00 26 00 26 00 26 00 26
   42729.116 RX    00 00 00
   42729.218 TX    80
   42749.715 RX    80 80 1C
   42759.949 RX    00 00 86 71 72 FF
   42780.392 RX    65 78 25 00 80
   42790.606 RX    01 00 00 00 1D
   42811.074 RX    81 4F 03 6B 00
   42821.322 RX    30 0C B2 00 00 00
   42821.375 TX    7D
   42841.746 RX    7D 7D 21 40 0A
   42862.138 RX    FF 91 00 58 FF
   42872.318 RX    FF 01 00 89 64
   42892.803 RX    00 00 29 FF
   42903.018 RX    00 30 80 7C 95 00
   42923.416 RX    26 00 26 00 26 00 26 00 00
   42933.622 RX    00
   42933.673 TX    80
   42954.184 RX    80 80 1C 00 00 86
   42964.376 RX    71 72 FF 65 78
   42984.748 RX    25 00 80 01
   43005.151 RX    00 00 00 1D 81
   43015.345 RX    4F 03 6B 00 30 0C B2
   43035.886 RX    00 00 00
   43035.949 TX    7D
   43046.310 RX    7D 7D 21
   43066.745 RX    40 0A FF 91
   43077.000 RX    00 58 FF FF 01
   43097.428 RX    00 89 64 00 00
   43117.835 RX    29 FF 00 30 80
   43128.060 RX    7C 95 00 26 00 26 00 26
   43148.462 RX    00 26 00 00 00
   43148.517 TX    80
   43158.855 RX    80 80
   43179.262 RX    1C 00 00 86 71 72
   43190.369 RX    FF 65 78 25 00
   43210.717 RX    80 01 00 00 00
   43220.885 RX    1D 81 4F 03 6B 00
   43241.238 RX    30 0C B2 00 00
   43261.532 RX    00
   43261.577 TX    7D
   43271.682 RX    7D 7D
   43292.134 RX    21 40 0A FF 91
   43302.316 RX    00 58 FF FF 01
   43322.671 RX    00 89 64 00 00
   43332.884 RX    29 FF 00 30
   43353.229 RX    80 7C 95 00 26 00 26 00
   43373.632 RX    26 00 26 00 00 00
   43373.685 TX    80
   43383.869 RX    80 80
   43404.246 RX    1C 00 00 86 71 72
   43414.478 RX    FF 65 78 25
   43434.897 RX    00 80 01 00 00
   43445.116 RX    00 1D 81 4F 03 6B
   43465.478 RX    00 30 0C B2 00 00
   43485.886 RX    00
   43485.938 TX    7D
   43496.161 RX    7D 7D
   43516.517 RX    21 40 0A FF
   43526.753 RX    91 00 58 FF FF
   43547.146 RX    01 00 89 64 00
   43557.320 RX    00 29 FF 00 30
   43577.711 RX    80 7C 95 00 26 00 26
   43598.118 RX    00 26 00 26 00 00 00
   43598.164 TX    80
   43608.379 RX    80 80
   43628.786 RX    1C 00 00 86 71 72
   43638.996 RX    FF 65 78 25 00
   43659.761 RX    80 01 00 00 00
   43669.974 RX    1D 81 4F 03 6B 00
   43690.882 RX    30 0C B2 00 00
   43701.127 RX    00
   43701.180 TX    7D
   43721.498 RX    7D 7D 21 40 0A
   43741.850 RX    FF 91 00 58 FF
   43752.048 RX    FF 01 00 89 64
   43772.426 RX    00 00 29 FF 00
   43782.622 RX    30 80 7C 95 00
   43802.951 RX    26 00 26 00 26 00 26 00 00
   43813.121 RX    00
   43813.166 TX    80
   43833.547 RX    80 80 1C 00 00 86
   43853.884 RX    71 72 FF 65 78
   43864.070 RX    25 00 80 01
   43884.442 RX    00 00 00 1D 81
   43894.650 RX    4F 03 6B 00 30 0C B2
   43914.998 RX    00 00 00
   43915.037 TX    7D
   43925.210 RX    7D 7D 21
   43945.547 RX    40 0A FF 91 00
   43965.888 RX    58 FF FF 01
   43976.072 RX    00 89 64 00 00
   43996.419 RX    29 FF 00 30 80
   44006.596 RX    7C 95 00 26 00 26 00 26 00
   44026.968 RX    26 00 00 00
   44027.005 TX    80
   44037.176 RX    80 80
   44057.535 RX    1C 00 00 86 71 72
   44077.865 RX    FF 65 78 25 00
   44088.124 RX    80 01 00 00 00
   44108.482 RX    1D 81 4F 03 6B 00
   44118.653 RX    30 0C B2 00 00
   44139.009 RX    00
   44139.052 TX    7D
   44149.223 RX    7D 7D 21
   44169.565 RX    40 0A FF 91 00
   44189.923 RX    58 FF FF 01 00
   44200.346 RX    89 64 00 00 29
   44220.733 RX    FF 00 30 80
   44230.909 RX    7C 95 00 26 00 26 00 26 00
   44251.266 RX    26 00 00 00
   44251.334 TX    80
   44261.507 RX    80 80 1C
   44281.866 RX    00 00 86 71 72 FF
   44292.168 RX    65 78 25 00 80
   44312.982 RX    01 00 00 00
   44333.527 RX    1D 81 4F 03 6B 00
   44343.852 RX    30 0C B2 00 00 00
   44343.938 TX    7D
   44364.625 RX    7D 7D 21 40
   44374.872 RX    0A FF 91 00 58
   44395.375 RX    FF FF 01 00
   44405.616 RX    89 64 00 00 29
   44426.047 RX    FF 00 30 80 7C 95
   44436.339 RX    00 26 00 26 00 26 00 26
   44456.785 RX    00 00 00
   44456.833 TX    80
   44477.251 RX    80 80 1C
   44487.474 RX    00 00 86 71 72 FF
   44507.946 RX    65 78 25 00 80
   44518.127 RX    01 00 00 00 1D
   44538.477 RX    81 4F 03 6B 00 30
   44548.641 RX    0C B2 00 00 00
   44548.690 TX    7D
   44568.988 RX    7D 7D 21 40
   44589.297 RX    0A FF 91 00 58
   44599.480 RX    FF FF 01 00 89
   44619.894 RX    64 00 00 29 FF
   44630.081 RX    00 30 80 7C 95
   44650.441 RX    00 26 00 26 00 26 00 26 00
   44660.621 RX    00 00
   44660.666 TX    80
   44680.979 RX    80 80 1C 00 00 86
   44702.007 RX    71 72 FF 65 78
   44712.183 RX    25 00 80 01 00
   44732.525 RX    00 00 1D 81
   44742.699 RX    4F 03 6B 00 30 0C B2
   44763.038 RX    00 00 00
   44763.080 TX    7D
   44773.248 RX    7D 7D 21
   44793.672 RX    40 0A FF 91 00
   44803.950 RX    58 FF FF 01
   44824.520 RX    00 89 64 00 00
   44844.869 RX    29 FF 00 30 80
   44855.062 RX    7C 95 00 26 00 26 00 26 00
   44875.420 RX    26 00 00 00
   44875.465 TX    80
   44885.613 RX    80 80 1C
   44905.934 RX    00 00 86 71 72
   44916.098 RX    FF 65 78 25 00
   44936.370 RX    80 01 00 00 00
   44956.811 RX    1D 81 4F 03 6B 00
   44967.118 RX    30 0C B2 00 00 00
   44967.172 TX    7D
   44987.705 RX    7D 7D 21 40
   44997.894 RX    0A FF 91 00 58
   45018.247 RX    FF FF 01 00 89
   45028.422 RX    64 00 00 29 FF
   45048.764 RX    00 30 80 7C 95 00
   45069.115 RX    26 00 26 00 26 00 26 00
   45079.308 RX    00 00
   45079.366 TX    80
   45099.687 RX    80 80 1C 00 00
   45109.876 RX    86 71 72 FF 65
   45130.224 RX    78 25 00 80 01
   45140.399 RX    00 00 00 1D 81
   45160.741 RX    4F 03 6B 00 30
   45181.094 RX    0C B2 00 00 00
   45181.129 TX    7D
   45191.302 RX    7D 7D
   45212.043 RX    21 40 0A FF 91
   45222.239 RX    00 58 FF FF 01
   45242.594 RX    00 89 64 00
   45252.773 RX    00 29 FF 00 30
   45273.252 RX    80 7C 95 00 26 00 26 00
   45293.576 RX    26 00 26 00 00 00
   45293.617 TX    80
   45303.773 RX    80 80
   45324.102 RX    1C 00 00 86 71 72
   45334.270 RX    FF 65 78 25
   45354.597 RX    00 80 01 00 00
   45364.753 RX    00 1D 81 4F 03 6B
   45385.129 RX    00 30 0C B2 00 00
   45405.470 RX    00
   45405.507 TX    7D
   45415.670 RX    7D 7D
   45436.054 RX    21 40 0A FF 91
   45446.210 RX    00 58 FF FF 01
   45466.533 RX    00 89 64 00 00
   45476.688 RX    29 FF 00 30 80
   45496.999 RX    7C 95 00 26 00 26 00
   45517.302 RX    26 00 26 00 00 00
   45517.352 TX    80
   45527.507 RX    80 80
   45547.850 RX    1C 00 00 86 71 72
   45558.024 RX    FF 65 78 25 00
   45578.445 RX    80 01 00 00 00
   45588.627 RX    1D 81 4F 03 6B
   45608.987 RX    00 30 0C B2 00 00
   45629.318 RX    00
   45629.365 TX    7D
   45639.540 RX    7D 7D
   45660.046 RX    21 40 0A FF 91
   45670.355 RX    00 58 FF FF 01
   45690.807 RX    00 89 64 00
   45700.997 RX    00 29 FF 00 30
   45722.011 RX    80 7C 95 00 26 00 26 00
   45732.205 RX    26 00 26 00 00 00
   45732.255 TX    80
   45752.579 RX    80 80 1C 00 00 86
   45772.969 RX    71 72 FF 65
   45783.163 RX    78 25 00 80 01
   45803.987 RX    00 00 00 1D 81
   45814.519 RX    4F 03 6B 00 30 0C B2
   45834.980 RX    00 00 00
   45835.032 TX    7D
   45845.216 RX    7D 7D 21
   45865.629 RX    40 0A FF 91
   45875.851 RX    00 58 FF FF 01
   45896.265 RX    00 89 64 00 00
   45916.717 RX    29 FF 00 30 80
   45926.946 RX    7C 95 00 26 00 26 00 26
   45947.414 RX    00 26 00 00 00
   45947.465 TX    80
   45957.646 RX    80 80
   45978.062 RX    1C 00 00 86 71 72
   45988.271 RX    FF 65 78 25 00
   46008.662 RX    80 01 00 00 00
   46029.053 RX    1D 81 4F 03 6B
   46039.254 RX    00 30 0C B2 00 00
   46059.616 RX    00
   46059.662 TX    7D
   46069.827 RX    7D 7D
   46090.500 RX    21 40 0A FF 91
   46100.868 RX    00 58 FF FF 01
   46121.247 RX    00 89 64 00 00
   46141.602 RX    29 FF 00 30
   46151.790 RX    80 7C 95 00 26 00 26 00
   46172.156 RX    26 00 26 00 00 00
   46172.203 TX    80
   46182.380 RX    80 80 1C
   46202.756 RX    00 00 86 71 72 FF
   46213.167 RX    65 78 25 00
   46233.508 RX    80 01 00 00 00
   46243.713 RX    1D 81 4F 03 6B 00
   46264.099 RX    30 0C B2 00 00 00
   46264.170 TX    7D
   46284.638 RX    7D 7D 21 40
   46294.821 RX    0A FF 91 00
   46315.170 RX    58 FF FF 01 00
   46325.309 RX    89 64 00 00 29
   46345.635 RX    FF 00 30 80 7C 95
   46355.813 RX    00 26 00 26 00 26 00 26
   46376.153 RX    00 00 00
   46376.197 TX    80
   46396.541 RX    80 80 1C
   46406.866 RX    00 00 86 71 72 FF
   46427.219 RX    65 78 25 00 80
   46437.406 RX    01 00 00 00 1D
   46457.765 RX    81 4F 03 6B 00
   46467.950 RX    30 0C B2 00 00 00
   46467.992 TX    7D
   46488.324 RX    7D 7D 21 40 0A
   46508.681 RX    FF 91 00 58 FF
   46518.867 RX    FF 01 00 89 64
   46539.229 RX    00 00 29 FF 00
   46549.413 RX    30 80 7C 95 00
   46569.768 RX    26 00 26 00 26 00 26 00 00
   46579.951 RX    00
   46579.994 TX    80
   46600.310 RX    80 80 1C 00 00 86
   46620.654 RX    71 72 FF 65 78
   46630.829 RX    25 00 80 01
   46651.185 RX    00 00 00 1D 81
   46661.373 RX    4F 03 6B 00 30 0C B2
   46681.712 RX    00 00 00
   46681.746 TX    7D
   46691.917 RX    7D 7D 21
   46712.270 RX    40 0A FF 91 00
   46733.201 RX    58 FF FF 01
   46743.379 RX    00 89 64 00 00
   46763.729 RX    29 FF 00 30 80
   46773.916 RX    7C 95 00 26 00 26 00 26
   46794.286 RX    00 26 00 00 00
   46794.329 TX    80
   46804.505 RX    80 80
   46824.847 RX    1C 00 00 86 71 72
   46845.203 RX    FF 65 78 25 00
   46855.389 RX    80 01 00 00 00
   46875.737 RX    1D 81 4F 03 6B 00
   46885.915 RX    30 0C B2 00 00
   46906.267 RX    00
   46906.310 TX    7D
   46916.471 RX    7D 7D 21
   46936.810 RX    40 0A FF 91 00
   46957.157 RX    58 FF FF 01 00
   46967.312 RX    89 64 00 00 29
   46987.652 RX    FF 00 30 80
   46997.830 RX    7C 95 00 26 00 26 00 26 00
   47018.181 RX    26 00 00 00
   47018.216 TX    80
   47028.376 RX    80 80 1C
   47048.716 RX    00 00 86 71 72 FF
   47069.170 RX    65 78 25 00 80
   47079.398 RX    01 00 00 00
   47099.728 RX    1D 81 4F 03 6B 00
   47110.067 RX    30 0C B2 00 00 00
   47110.110 TX    7D
   47130.445 RX    7D 7D 21 40
   47140.943 RX    0A FF 91 00 58
   47161.303 RX    FF FF 01 00
   47171.495 RX    89 64 00 00 29
   47191.884 RX    FF 00 30 80 7C 95
   47212.407 RX    00 26 00 26 00 26 00 26
   47223.270 RX    00 00 00
   47223.331 TX    80
   47243.690 RX    80 80 1C 00
   47253.874 RX    00 86 71 72 FF
   47274.239 RX    65 78 25 00 80
   47284.416 RX    01 00 00 00 1D
   47304.767 RX    81 4F 03 6B 00 30
   47325.216 RX    0C B2 00 00 00
   47325.267 TX    7D
   47335.440 RX    7D 7D
   47355.862 RX    21 40 0A FF 91
   47366.197 RX    00 58 FF FF 01
   47386.627 RX    00 89 64 00 00
   47396.811 RX    29 FF 00 30 80
   47417.301 RX    7C 95 00 26 00 26 00
   47427.659 RX    26 00 26 00 00 00
   47427.728 TX    80
   47448.263 RX    80 80 1C 00 00 86
   47468.658 RX    71 72 FF 65 78
   47478.861 RX    25 00 80 01 00
   47499.457 RX    00 00 1D 81
   47509.642 RX    4F 03 6B 00 30 0C B2
   47530.019 RX    00 00 00
   47530.068 TX    7D
   47540.242 RX    7D 7D 21
   47560.646 RX    40 0A FF 91 00
   47581.076 RX    58 FF FF 01
   47591.233 RX    00 89 64 00 00
   47611.594 RX    29 FF 00 30 80
   47621.753 RX    7C 95 00 26 00 26 00 26 00
   47642.043 RX    26 00 00 00
   47642.088 TX    80
   47652.246 RX    80 80 1C
   47672.557 RX    00 00 86 71 72
   47692.837 RX    FF 65 78 25 00
   47702.986 RX    80 01 00 00 00
   47723.920 RX    1D 81 4F 03 6B 00
   47734.086 RX    30 0C B2 00 00 00
   47734.139 TX    7D
   47754.424 RX    7D 7D 21 40
   47764.620 RX    0A FF 91 00 58
   47784.960 RX    FF FF 01 00 89
   47795.263 RX    64 00 00 29 FF
   47815.774 RX    00 30 80 7C 95 00
   47836.133 RX    26 00 26 00 26 00 26 00
   47846.306 RX    00 00
   47846.374 TX    80
   47866.712 RX    80 80 1C 00 00
   47876.879 RX    86 71 72 FF 65
   47897.170 RX    78 25 00 80 01
   47907.289 RX    00 00 00 1D
   47927.569 RX    81 4F 03 6B 00 30
   47947.863 RX    0C B2 00 00 00
   47947.917 TX    7D
   47958.060 RX    7D 7D
   47978.287 RX    21 40 0A FF 91
   47988.428 RX    00 58 FF FF 01
   48008.702 RX    00 89 64 00
   48028.974 RX    00 29 FF 00 30
   48039.234 RX    80 7C 95 00 26 00 26 00
   48059.596 RX    26 00 26 00 00 00
   48059.646 TX    80
   48069.945 RX    80 80 1C
   48090.311 RX    00 00 86 71 72 FF
   48100.533 RX    65 78 25 00
   48120.960 RX    80 01 00 00 00
   48131.235 RX    1D 81 4F 03 6B 00
   48151.642 RX    30 0C B2 00 00 00
   48151.693 TX    7D
   48171.939 RX    7D 7D 21 40
   48182.075 RX    0A FF 91 00
   48202.335 RX    58 FF FF 01 00
   48212.458 RX    89 64 00 00 29
   48232.946 RX    FF 00 30 80 7C
   48243.091 RX    95 00 26 00 26 00 26 00 26
   48263.340 RX    00 00 00
   48263.372 TX    80
   48283.607 RX    80 80 1C
   48293.732 RX    00 00 86 71 72 FF
   48313.980 RX    65 78 25 00 80
   48324.111 RX    01 00 00 00 1D
   48344.364 RX    81 4F 03 6B 00
   48364.606 RX    30 0C B2 00 00 00
   48364.639 TX    7D
   48374.758 RX    7D 7D
   48395.017 RX    21 40 0A FF 91
   48405.149 RX    00 58 FF FF 01
   48425.394 RX    00 89 64 00 00
   48435.530 RX    29 FF 00 30
   48455.771 RX    80 7C 95 00 26 00 26 00
   48476.010 RX    26 00 26 00 00 00
   48476.037 TX    80
   48486.155 RX    80 80 1C
   48506.439 RX    00 00 86 71 72 FF
   48516.599 RX    65 78 25 00
   48536.950 RX    80 01 00 00 00
   48547.139 RX    1D 81 4F 03 6B 00
   48567.487 RX    30 0C B2 00 00 00
   48567.520 TX    7D
   48587.852 RX    7D 7D 21 40
   48598.041 RX    0A FF 91 00
   48618.399 RX    58 FF FF 01 00
   48628.580 RX    89 64 00 00 29
   48648.934 RX    FF 00 30 80 7C 95
   48659.127 RX    00 26 00 26 00 26 00 26
   48679.511 RX    00 00 00
   48679.548 TX    80
   48699.886 RX    80 80 1C
   48710.073 RX    00 00 86 71 72 FF
   48730.813 RX    65 78 25 00 80
   48741.006 RX    01 00 00 00 1D
   48761.380 RX    81 4F 03 6B 00
   48771.589 RX    30 0C B2 00 00 00
   48771.632 TX    7D
   48791.976 RX    7D 7D 21 40 0A
   48812.316 RX    FF 91 00 58 FF
   48822.500 RX    FF 01 00 89 64
   48842.862 RX    00 00 29 FF 00
   48853.056 RX    30 80 7C 95 00
   48873.418 RX    26 00 26 00 26 00 26 00 00
   48883.608 RX    00
   48883.647 TX    80
   48903.987 RX    80 80 1C 00 00 86
   48924.330 RX    71 72 FF 65 78
   48934.513 RX    25 00 80 01
   48954.950 RX    00 00 00 1D 81
   48965.162 RX    4F 03 6B 00 30 0C B2
   48985.498 RX    00 00 00
   48985.544 TX    7D
   48995.716 RX    7D 7D 21
   49016.098 RX    40 0A FF 91 00
   49036.691 RX    58 FF FF 01
   49046.882 RX    00 89 64 00 00
   49067.303 RX    29 FF 00 30 80
   49077.527 RX    7C 95 00 26 00 26 00 26
   49097.930 RX    00 26 00 00 00
   49097.999 TX    80
   49108.161 RX    80 80
   49129.045 RX    1C 00 00 86 71 72
   49139.493 RX    FF 65 78 25 00
   49160.412 RX    80 01 00 00 00
   49180.870 RX    1D 81 4F 03 6B 00
   49191.126 RX    30 0C B2 00 00
   49211.882 RX    00
   49211.997 TX    7D
   49222.476 RX    7D 7D
   49242.770 RX    21 40 0A FF 91
   49252.989 RX    00 58 FF FF 01
   49273.393 RX    00 89 64 00 00
   49283.586 RX    29 FF 00 30 80
   49303.993 RX    7C 95 00 26 00 26 00
   49324.405 RX    26 00 26 00 00 00
   49324.455 TX    80
   49334.638 RX    80 80
   49355.025 RX    1C 00 00 86 71 72
   49365.222 RX    FF 65 78 25 00
   49385.585 RX    80 01 00 00
   49395.776 RX    00 1D 81 4F 03 6B
   49416.143 RX    00 30 0C B2 00 00
   49436.487 RX    00
   49436.539 TX    7D
   49446.706 RX    7D 7D
   49467.077 RX    21 40 0A FF 91
   49477.272 RX    00 58 FF FF
   49497.661 RX    01 00 89 64 00
   49507.848 RX    00 29 FF 00 30
   49528.244 RX    80 7C 95 00 26 00 26
   49548.660 RX    00 26 00 26 00 00 00
   49548.720 TX    80
   49559.008 RX    80 80
   49579.373 RX    1C 00 00 86 71 72
   49589.574 RX    FF 65 78 25 00
   49609.947 RX    80 01 00 00 00
   49620.144 RX    1D 81 4F 03 6B 00
   49640.485 RX    30 0C B2 00 00
   49650.846 RX    00
   49650.890 TX    7D
   49671.327 RX    7D 7D 21 40 0A
   49691.706 RX    FF 91 00 58 FF
   49701.906 RX    FF 01 00 89 64
   49722.272 RX    00 00 29 FF 00
   49732.469 RX    30 80 7C 95 00
   49753.251 RX    26 00 26 00 26 00 26 00 00
   49763.449 RX    00
   49763.492 TX    80
   49783.824 RX    80 80 1C 00 00 86
   49804.203 RX    71 72 FF 65 78
   49814.386 RX    25 00 80 01
   49834.741 RX    00 00 00 1D 81
   49844.926 RX    4F 03 6B 00 30 0C B2
   49865.310 RX    00 00 00
   49865.346 TX    7D
   49875.507 RX    7D 7D 21
   49895.853 RX    40 0A FF 91 00
   49916.231 RX    58 FF FF 01
   49926.411 RX    00 89 64 00 00
   49946.763 RX    29 FF 00 30 80
   49956.942 RX    7C 95 00 26 00 26 00 26
   49977.327 RX    00 26 00 00 00
   49977.362 TX    80
   49987.523 RX    80 80 1C
   50007.870 RX    00 00 86 71 72
   50028.233 RX    FF 65 77 25 00
   50038.414 RX    80 01 00 00 00
   50058.768 RX    1D 81 4F 03 6B 00
   50068.980 RX    30 0D 16 00 00
   50089.309 RX    00
   50089.344 TX    7D
   50099.548 RX    7D 7D 21
   50119.891 RX    40 0A FF 91 00
   50140.285 RX    57 FF FF 01 00
   50150.461 RX    89 64 00 04
   50170.822 RX    29 FF 00 30 80
   50181.004 RX    7C 95 00 26 00 26 00 26 00
   50201.370 RX    26 00 00 00
   50201.408 TX    80
   50211.589 RX    80 80 1C
   50231.939 RX    00 00 86 71 72
   50242.692 RX    FF 64 71 25 00
   50263.075 RX    80 01 00 00 00
   50283.417 RX    1D 81 4F 03 6B
   50293.606 RX    00 30 0E 10 10 00
   50313.956 RX    00
   50314.009 TX    7D
   50324.174 RX    7D 7D 21
   50344.500 RX    40 0A FF 91
   50354.696 RX    00 57 FF FF 01
   50375.115 RX    00 89 64 00
   50395.472 RX    04 29 FF 00 30
   50405.749 RX    80 7C 95 00 26 00
   50426.117 RX    26 00 26 00 26 00 00 00
   50426.184 TX    80
   50436.306 RX    80 80
   50456.778 RX    1C 00 00 86 71 72
   50467.095 RX    FF 5B 6E 24
   50487.456 RX    00 80 01 00
   50508.015 RX    00 00 1D 81 4F
   50518.400 RX    02 0C 00 30 0E A6
   50538.793 RX    10 00 00
   50538.865 TX    7D
   50549.083 RX    7D 7D 21
   50569.605 RX    40 0A FF 91
   50579.821 RX    00 57 FF FF 01
   50600.216 RX    00 89 64 00
   50610.565 RX    04 1E FF 00
   50631.181 RX    30 80 7F 30 00
   50651.508 RX    26 00 26 00 26 00 26 00
   50661.693 RX    00 00
   50661.742 TX    80
   50682.249 RX    80 80 1C
   50692.540 RX    04 1F 86 72 72
   50712.937 RX    FF 44 6C 25
   50723.159 RX    00 80 01 00
   50743.767 RX    00 00 1D 81
   50754.756 RX    4F 01 EA 00 44
   50775.146 RX    0C 36 10 00 00
   50775.200 TX    7D
   50795.617 RX    7D 7D 21
   50805.809 RX    40 0A FF 91
   50826.200 RX    00 57 FF FF
   50836.382 RX    01 00 89 64
   50856.815 RX    00 04 1E FF
   50867.011 RX    00 30 80 82
   50887.458 RX    D3 00 26 00 26 00 26
   50907.916 RX    00 26 00 00 00
   50907.990 TX    80
   50918.226 RX    80
   50938.571 RX    80 1C 06 5F 86
   50948.753 RX    72 72 FF 23
   50969.109 RX    6C 25 00
   50979.311 RX    80 01 00 00
   50999.676 RX    00 1D 81 4F
   51020.057 RX    00 29 00 3A
   51030.358 RX    08 13 10 00 00
   51030.418 TX    7D
   51050.723 RX    7D 7D 21
   51060.901 RX    40 0A FF 91
   51081.270 RX    00
   51091.466 RX    58 FF FF 01
   51111.900 RX    00 89 64 00
   51132.466 RX    04 1E FF
   51142.684 RX    00 30 80 80 3C
   51163.131 RX    00 26 00 26 00 26 00
   51173.321 RX    26 00 00 00
   51173.394 TX    80
   51193.837 RX    80 80 1C 06
   51204.174 RX    18 86 72 72 FF
   51224.916 RX    1C 6F 25
   51235.445 RX    00 80 01 00
   51256.315 RX    00 00 1D 81
   51266.737 RX    4F 00 2E 00 3A
   51287.267 RX    07 D6 10 00 00
   51287.352 TX    7D
   51307.651 RX    7D 7D
   51317.889 RX    21 40 0A FF
   51338.532 RX    91 00 58 FF
   51348.742 RX    FF 01 00 89
   51369.123 RX    64 00 04 1E
   51379.438 RX    FF 00 30 80
   51399.882 RX    80 32 00 26 00 26
   51410.351 RX    00 26 00 26 00 00
   51430.952 RX    00
   51431.028 TX    80
   51451.468 RX    80 80 1C
   51461.714 RX    05 B8 86 72 72
   51482.246 RX    FF 1D 72 25
   51492.589 RX    00 80 01 00
   51513.097 RX    00 00 1D 81
   51523.406 RX    4F 00 44 00
   51543.928 RX    39 07 DF 10 00
   51564.312 RX    00
   51564.366 TX    7D
   51574.600 RX    7D 7D
   51595.155 RX    21 40 0A FF
   51605.392 RX    91 00 58 FF
   51625.911 RX    FF 01 00 89
   51636.170 RX    64 00 04
   51656.778 RX    1E FF 00 30
   51667.190 RX    80 80 5A 00 26 00
   51687.744 RX    26 00 26 00 26 00 00
   51708.231 RX    00
   51708.321 TX    80
   51718.694 RX    80 80
   51739.183 RX    1C 05 78 86 72
   51749.387 RX    72 FF 1E
   51770.229 RX    75 25 00 80
   51780.438 RX    01 00 00 00
   51800.798 RX    1D 81 4E 00 7B
   51811.016 RX    00 38 07 B2 10
   51831.401 RX    00 00
   51831.459 TX    7D
   51851.843 RX    7D 7D 21
   51862.042 RX    40 0A FF 91
   51882.428 RX    00 58 FF
   51892.645 RX    FF 01 00 89
   51913.041 RX    64 00 04 1E
   51923.307 RX    FF 00 30 80
   51943.721 RX    80 8E 00 26 00 26 00
   51964.230 RX    26 00 26 00 00 00
   51964.327 TX    80
   51974.640 RX    80 80
   51995.043 RX    1C 05 3B 86
   52005.298 RX    72 71 FF 1F
   52025.711 RX    77 25 00 80
   52035.906 RX    01 00 00 00
   52057.292 RX    1D 81 4C 00 97
   52067.489 RX    00 38 07 CA 10
   52087.909 RX    00 00
   52087.969 TX    7D
   52098.175 RX    7D 7D 21
   52118.613 RX    40 0A FF 91
   52139.115 RX    00 58 FF FF
   52149.410 RX    01 00 89
   52169.833 RX    64 00 04 1E
   52180.025 RX    FF 00 30 80
   52200.583 RX    80 B4 00 26 00 26 00
   52210.833 RX    26 00 26 00 00 00
   52210.892 TX    80
   52231.327 RX    80 80 1C 04 FC
   52251.732 RX    86 72 71 FF
   52262.468 RX    1F 79 25 00
   52283.076 RX    80 01 00 00
   52293.330 RX    00 1D 81 49
   52313.724 RX    00 C8 00 37
   52323.974 RX    07 C8 10 00 00
   52324.047 TX    7D
   52344.432 RX    7D 7D 21
   52354.635 RX    40 0A FF 91
   52374.995 RX    00 58 FF FF
   52395.315 RX    01 00 89 64
   52405.514 RX    00 04 1E FF
   52425.852 RX    00 30 80 80 D9
   52436.035 RX    00 26 00 26 00 26 00
   52456.410 RX    26 00 00 00
   52456.464 TX    80
   52466.649 RX    80 80 1C
   52486.977 RX    04 BC 86 72 71
   52507.308 RX    FF 1F 7A 25
   52517.535 RX    00 80 01 00
   52537.881 RX    00 00 1D 81
   52548.066 RX    46 00 E6 00 37
   52568.433 RX    07 B6 10 00 00
   52568.504 TX    7D
   52578.666 RX    7D 7D
   52599.018 RX    21 40 0A FF
   52619.381 RX    91 00 58 FF
   52629.564 RX    FF 01 00 89
   52649.941 RX    64 00 04 1E
   52660.119 RX    FF 00 30 80
   52680.513 RX    81 08 00 26 00 26 00
   52690.687 RX    26 00 26 00 00 00
   52690.729 TX    80
   52711.052 RX    80 80 1C 04 8C
   52731.414 RX    86 71 71 FF
   52741.597 RX    20 7B 25 00
   52761.933 RX    80 01 00 00
   52772.624 RX    00 1D 81 44
   52792.977 RX    01 11 00 37 07 C4
   52803.166 RX    10 00 00
   52803.210 TX    7D
   52823.540 RX    7D 7D 21 40
   52843.893 RX    0A FF 91 00
   52854.114 RX    58 FF FF 01
   52874.504 RX    00 89 64 00
   52884.695 RX    04 1E FF 00
   52905.072 RX    30 80 81 0B 00
   52915.261 RX    26 00 26 00 26 00 26
   52935.661 RX    00 00 00
   52935.711 TX    80
   52945.877 RX    80 80 1C
   52966.278 RX    04 68 86 72 71
   52986.755 RX    FF 21 7D 25
   52996.960 RX    00 80 01 00
   53017.331 RX    00 00 1D 81
   53027.547 RX    41 00 F4 00 37
   53047.960 RX    07 BA 10 00 00
   53048.029 TX    7D
   53058.202 RX    7D 7D 21
   53078.737 RX    40 0A FF 91
   53099.099 RX    00 58 FF FF
   53109.264 RX    01 00 89 64
   53129.705 RX    00 04 1E FF
   53139.873 RX    00 30 80 80
   53160.311 RX    E7 00 26 00 26 00
   53170.488 RX    26 00 26 00 00 00
   53170.540 TX    80
   53190.859 RX    80 80 1C 04 4C
   53211.214 RX    86 71 71 FF
   53221.497 RX    21 7E 25 00
   53242.434 RX    80 01 00 00
   53252.929 RX    00 1D 81 3E
   53274.522 RX    00 D9 00 37 07 BF
   53284.704 RX    10 00 00
   53284.758 TX    7D
   53305.175 RX    7D 7D 21 40
   53315.380 RX    0A FF 91
   53335.716 RX    00 58 FF FF 01
   53345.930 RX    00 89 64 00
   53366.301 RX    04 1E FF 00
   53386.637 RX    30 80 80 D3 00
   53396.820 RX    26 00 26 00 26 00
   53417.220 RX    26 00 00 00
   53417.269 TX    80
   53427.459 RX    80 80 1C
   53447.790 RX    04 3E 86 71 71
   53457.979 RX    FF 22 7F 25
   53478.600 RX    00 80 01 00
   53498.932 RX    00 00 1D 81
   53509.137 RX    3B 00 D1 00 37
   53529.488 RX    07 BA 10 00 00
   53529.535 TX    7D
   53543.524 RX    7D 7D 21
   53553.760 RX    40 0A FF 91
   53574.155 RX    00 58 FF FF
   53594.658 RX    01 00 89 64
   53604.863 RX    00 04 1E FF
   53625.226 RX    00 30 80 80
   53635.406 RX    CB 00 26 00 26 00 26
   53655.826 RX    00 26 00 00 00
   53655.887 TX    80
   53666.097 RX    80 80 1C
   53686.588 RX    04 2C 86 71 71
   53706.956 RX    FF 21 7F 25
   53717.150 RX    00 80 01 00
   53737.534 RX    00 00 1D
   53747.721 RX    81 38 00 B8 00 37
   53768.099 RX    07 D8 10 00
   53779.069 RX    00
   53779.117 TX    7D
   53799.599 RX    7D 7D 21 40
   53809.808 RX    0A FF 91 00
   53830.185 RX    58 FF FF 01
   53850.568 RX    00 89 64 00
   53860.780 RX    04 1E FF 00
   53881.117 RX    30 80 80 9F 00
   53891.397 RX    26 00 26 00 26 00 26
   53911.913 RX    00 00 00
   53911.963 TX    80
   53922.134 RX    80 80 1C
   53942.548 RX    03 F9 86 71 71
   53962.919 RX    FF 22 80 25
   53973.114 RX    00 80 01 00
   53993.561 RX    00 00 1D 81
   54003.761 RX    35 00 83 00 38
   54024.159 RX    07 D6 10 00 00
   54024.218 TX    7D
   54034.392 RX    7D 7D 21
   54054.786 RX    40 0A FF 91
   54075.199 RX    00 58 FF FF
   54085.420 RX    01 00 89 64
   54105.948 RX    00 04 1E FF
   54116.169 RX    00 30 80 80 70
   54136.482 RX    00 26 00 26 00 26 00
   54146.683 RX    26 00 00 00
   54146.760 TX    80
   54167.149 RX    80 80 1C 03 C5
   54187.523 RX    86 71 71 FF
   54197.711 RX    22 81 25 00
   54218.064 RX    80 01 00 00
   54228.260 RX    00 1D 81 34
   54248.640 RX    00 46 00 3A 07 CD
   54258.824 RX    10 00 00
   54258.868 TX    7D
   54279.200 RX    7D 7D 21 40
   54299.761 RX    0A FF 91 00
   54309.929 RX    58 FF FF 01
   54330.317 RX    00 89 64 00
   54340.535 RX    04 1E FF 00
   54361.023 RX    30 80 80 3A 00 26
   54371.214 RX    00 26 00 26 00 26 00
   54391.566 RX    00 00
   54391.614 TX    80
   54401.782 RX    80 80 1C
   54422.148 RX    03 98 86 71 71
   54442.479 RX    FF 24 81 25
   54452.658 RX    00 80 01 00
   54473.013 RX    00 00 1D 81
   54483.200 RX    33 00 2C 00 3C
   54503.600 RX    07 CA 10 00 00
   54503.657 TX    7D
   54513.829 RX    7D 7D 21
   54534.212 RX    40 0A FF 91
   54554.550 RX    00 58 FF FF
   54564.726 RX    01 00 89 64
   54585.207 RX    00 04 1E FF
   54595.393 RX    00 30 80 80 27
   54615.749 RX    00 26 00 26 00 26 00
   54625.932 RX    26 00 00 00
   54625.987 TX    80
   54646.314 RX    80 80 1C 03 A2
   54666.661 RX    86 71 71 FF
   54676.848 RX    23 82 25 00
   54697.208 RX    80 01 00 00
   54707.374 RX    00 1D 81 33 00
   54727.718 RX    39 00 3A 07 DE 10
   54737.905 RX    00 00
   54737.946 TX    7D
   54758.272 RX    7D 7D 21 40 0A
   54778.639 RX    FF 91 00 58
   54789.248 RX    FF FF 01 00
   54809.623 RX    89 64 00 04
   54819.876 RX    1E FF 00 30
   54840.270 RX    80 80 40 00 26 00
   54850.503 RX    26 00 26 00 26 00 00
   54870.905 RX    00
   54870.949 TX    80
   54891.315 RX    80 80 1C
   54901.516 RX    03 9F 86 71 71
   54921.874 RX    FF 24 82 25
   54932.057 RX    00 80 01 00
   54952.536 RX    00 00 1D 81
   54962.753 RX    33 00 37 00 3A
   54983.146 RX    07 D7 10 00 00
   54983.198 TX    7D
   54993.332 RX    7D 7D 21
   55013.695 RX    40 0A FF 91
   55034.064 RX    00 58 FF FF
   55044.270 RX    01 00 89 64
   55064.672 RX    00 04 1E FF
   55074.900 RX    00 30 80 80 41
   55095.401 RX    00 26 00 26 00 26 00
   55105.650 RX    26 00 00 00
   55105.715 TX    80
   55126.122 RX    80 80 1C 03 A9
   55146.639 RX    86 71 71 FF
   55156.851 RX    24 82 25 00
   55177.287 RX    80 01 00 00
   55187.531 RX    00 1D 81 32
   55207.992 RX    00 3A 00 3A 07 CB
   55218.230 RX    10 00 00
   55218.314 TX    7D
   55238.807 RX    7D 7D 21 40
   55259.580 RX    0A FF 91 00
   55270.003 RX    58 FF FF 01
   55291.325 RX    00 89 64 00
   55301.555 RX    04 1E FF 00
   55321.960 RX    30 80 80 3F 00 26
   55332.171 RX    00 26 00 26 00 26 00 00
   55352.575 RX    00
   55352.628 TX    80
   55362.809 RX    80 80 1C
   55383.291 RX    03 AD 86 71 71
   55393.565 RX    FF 23 83 25
   55414.001 RX    00 80 01 00
   55434.421 RX    00 00 1D 81
   55444.621 RX    31 00 4C 00 3A
   55465.010 RX    07 C3 10 00 00
   55465.063 TX    7D
   55475.250 RX    7D 7D
   55495.642 RX    21 40 0A FF
   55505.835 RX    91 00 58 FF
   55526.212 RX    FF 01 00 89
   55546.584 RX    64 00 04 1E
   55556.775 RX    FF 00 30 80
   55577.241 RX    80 54 00 26 00 26 00
   55587.481 RX    26 00 26 00 00 00
   55587.536 TX    80
   55607.889 RX    80 80 1C
   55618.091 RX    03 BE 86 71 71
   55638.467 RX    FF 23 83 25
   55658.841 RX    00 80 01 00
   55669.034 RX    00 00 1D 81
   55689.384 RX    30 00 59 00 39
   55699.560 RX    07 C4 10 00 00
   55699.602 TX    7D
   55719.936 RX    7D 7D 21
   55730.118 RX    40 0A FF 91 00
   55750.466 RX    58 FF FF 01
   55770.812 RX    00 89 64 00
   55780.989 RX    04 1E FF 00
   55801.375 RX    30 80 80 44 00
   55811.572 RX    26 00 26 00 26 00 26
   55831.922 RX    00 00 00
   55831.985 TX    80
   55842.153 RX    80 80 1C
   55862.473 RX    03 A3 86 71 71
   55882.820 RX    FF 22 83 25
   55893.003 RX    00 80 01 00
   55913.308 RX    00 00 1D 81
   55923.549 RX    2F 00 37 00 3A
   55943.898 RX    07 C4 10 00 00
   55943.938 TX    7D
   55954.104 RX    7D 7D
   55974.476 RX    21 40 0A FF
   55994.825 RX    91 00 58 FF
   56005.006 RX    FF 01 00 89
   56025.372 RX    64 00 04 1E FF
   56035.551 RX    00 30 80 80
   56055.898 RX    37 00 26 00 26 00 26
   56066.100 RX    00 26 00 00 00
   56066.145 TX    80
   56086.578 RX    80 80 1C 03
   56106.978 RX    9A 86 71 71 FF
   56117.170 RX    23 83 25 00
   56137.476 RX    80 01 00 00
   56147.654 RX    00 1D 81 2E
   56168.072 RX    00 2A 00 3E 07 C2
   56178.297 RX    10 00 00
   56178.340 TX    7D
   56198.656 RX    7D 7D 21 40
   56219.011 RX    0A FF 91 00
   56229.197 RX    58 FF FF 01
   56249.539 RX    00 89 64 00
   56259.721 RX    04 1E FF 00
   56280.084 RX    30 80 80 36 00
   56290.264 RX    26 00 26 00 26 00 26 00
   56311.337 RX    00 00
   56311.404 TX    80
   56321.596 RX    80 80 1C
   56341.944 RX    03 A3 86 71 71
   56362.302 RX    FF 23 84 25
   56372.484 RX    00 80 01 00
   56392.862 RX    00 00 1D 81
   56403.047 RX    2D 00 27 00 3E
   56423.522 RX    07 D2 10 00 00
   56423.593 TX    7D
   56433.938 RX    7D 7D 21
   56454.325 RX    40 0A FF 91
   56474.710 RX    00 58 FF FF
   56484.901 RX    01 00 89 64
   56505.320 RX    00 04 1E FF
   56515.529 RX    00 30 80 80 36
   56535.899 RX    00 26 00 26 00 26 00
   56546.097 RX    26 00 00 00
   56546.149 TX    80
   56566.504 RX    80 80 1C 03 9B
   56586.894 RX    87 71 71 FF
   56597.102 RX    22 84 25 00
   56617.534 RX    80 01 00 00
   56627.738 RX    00 1D 81 2D
   56648.237 RX    00 29 00 3E 07 C7 10
   56658.438 RX    00 00
   56658.687 TX    7D
   56679.161 RX    7D 7D 21 40
   56689.397 RX    0A FF 91 00
   56709.860 RX    58 FF FF 01
   56730.260 RX    00 89 64 00
   56740.503 RX    04 1E FF 00
   56760.932 RX    30 80 80 28 00
   56771.239 RX    26 00 26 00 26 00 26 00
   56791.602 RX    00 00
   56791.667 TX    80
   56802.061 RX    80 80 1C
   56822.464 RX    03 8C 86 71 71
   56842.951 RX    FF 22 84 25
   56853.223 RX    00 80 01 00
   56873.713 RX    00 00 1D 81
   56883.915 RX    2D 00 2D 00 3C
   56904.314 RX    07 D9 10 00 00
   56904.368 TX    7D
   56914.535 RX    7D 7D
   56934.899 RX    21 40 0A FF 91
   56945.094 RX    00 58 FF FF
   56965.621 RX    01 00 89 64
   56986.216 RX    00 04 1E FF
   56996.405 RX    00 30 80 80
   57016.763 RX    3A 00 26 00 26 00 26
   57026.944 RX    00 26 00 00 00
   57026.996 TX    80
   57047.315 RX    80 80 1C 03 9C
   57057.620 RX    87 71 71 FF
   57077.984 RX    23 84 25 00
   57098.398 RX    80 01 00 00
   57108.603 RX    00 1D 81 2D
   57128.941 RX    00 2C 00 3F 07 DB
   57139.095 RX    10 00 00
   57139.143 TX    7D
   57159.431 RX    7D 7D 21
   57169.602 RX    40 0A FF 91
   57189.956 RX    00 58 FF FF
   57210.242 RX    01 00 89 64 00
   57220.600 RX    04 1E FF 00
   57240.902 RX    30 80 80 2E 00
   57251.051 RX    26 00 26 00 26 00 26
   57271.291 RX    00 00 00
   57271.352 TX    80
   57281.554 RX    80 80 1C
   57301.857 RX    03 9B 87 71 71
   57312.924 RX    FF 23 84 25
   57333.296 RX    00 80 01 00
   57353.758 RX    00 00 1D 81
   57363.941 RX    2D 00 33 00 3C
   57384.315 RX    07 CE 10 00 00
   57384.360 TX    7D
   57394.520 RX    7D 7D
   57414.814 RX    21 40 0A FF
   57424.961 RX    91 00 58 FF
   57445.248 RX    FF 01 00 89
   57465.641 RX    64 00 04 1E
   57475.811 RX    FF 00 30 80
   57496.323 RX    80 3C 00 26 00 26 00 26
   57506.535 RX    00 26 00 00 00
   57506.597 TX    80
   57526.917 RX    80 80 1C 03
   57537.109 RX    9F 87 71 71 FF
   57557.472 RX    23 84 25 00
   57577.853 RX    80 01 00 00
   57588.039 RX    00 1D 81 2D
   57608.409 RX    00 23 00 40 07 BA
   57618.587 RX    10 00 00
   57618.625 TX    7D
   57638.956 RX    7D 7D 21 40
   57649.192 RX    0A FF 91 00
   57669.548 RX    58 FF FF 01
   57689.900 RX    00 89 64 00
   57700.087 RX    04 1E FF 00
   57720.454 RX    30 80 80 43 00
   57730.631 RX    26 00 26 00 26 00 26 00
   57750.980 RX    00 00
   57751.021 TX    80
   57761.200 RX    80 80
   57781.576 RX    1C 03 9D 87 71 71
   57801.933 RX    FF 22 84 25
   57812.446 RX    00 80 01 00
   57832.775 RX    00 00 1D 81
   57842.960 RX    2D 00 29 00 3E
   57863.315 RX    07 D1 10 00 00
   57863.357 TX    7D
   57873.513 RX    7D 7D 21
   57893.859 RX    40 0A FF 91
   57914.211 RX    00 58 FF FF
   57924.387 RX    01 00 89 64
   57944.728 RX    00 04 1E FF
   57954.910 RX    00 30 80 80 1A
   57975.270 RX    00 26 00 26 00 26 00
   57985.460 RX    26 00 00 00
   57985.501 TX    80
   58005.817 RX    80 80 1C 03 9A
   58026.206 RX    87 71 71 FF
   58036.382 RX    23 84 25 00
   58056.727 RX    80 01 00 00
   58066.923 RX    00 1D 81 2D 00
   58087.287 RX    2C 00 3C 07 D6 10
   58097.473 RX    00 00
   58097.527 TX    7D
   58117.871 RX    7D 7D 21 40
   58138.543 RX    0A FF 91 00
   58149.083 RX    58 FF FF 01
   58169.607 RX    00 89 64 00
   58179.826 RX    04 1E FF 00
   58200.369 RX    30 80 80 2D 00
   58210.631 RX    26 00 26 00 26 00 26 00
   58231.008 RX    00 00
   58231.064 TX    80
   58241.256 RX    80 80
   58261.643 RX    1C 03 99 87 71
   58282.026 RX    71 FF 23 84
   58292.229 RX    25 00 80 01
   58313.383 RX    00 00 00 1D
   58323.573 RX    81 2D 00 1D 00
   58343.947 RX    40 07 C6 10 00 00
   58343.995 TX    7D
   58354.288 RX    7D 7D 21
   58374.696 RX    40 0A FF 91
   58384.993 RX    00 58 FF FF
   58405.799 RX    01 00 89 64
   58426.540 RX    00 04 1E FF
   58436.807 RX    00 30 80 80 2B
   58457.407 RX    00 26 00 26 00 26 00
   58467.716 RX    26 00 00 00
   58467.807 TX    80
   58488.630 RX    80 80 1C
   58499.004 RX    03 A1 87 71 71
   58519.688 RX    FF 23 84 25
   58529.892 RX    00 80 01 00
   58550.605 RX    00 00 1D 81
   58560.881 RX    2D 00 37 00 3A
   58581.787 RX    07 D0 10 00 00
   58581.877 TX    7D
   58602.421 RX    7D 7D 21
   58612.658 RX    40 0A FF 91
   58633.111 RX    00 58 FF FF
   58643.315 RX    01 00 89 64
   58663.701 RX    00 04 1E FF
   58673.881 RX    00 30 80 80
   58694.489 RX    37 00 26 00 26 00 26 00
   58704.677 RX    26 00 00 00
   58704.725 TX    80
   58725.149 RX    80 80 1C 03 91
   58745.790 RX    87 71 71 FF
   58756.263 RX    22 84 25 00
   58776.644 RX    80 01 00 00
   58786.871 RX    00 1D 81 2D
   58807.256 RX    00 2E 00 3C 07 C9
   58817.656 RX    10 00 00
   58817.713 TX    7D
   58838.065 RX    7D 7D 21 40
   58848.343 RX    0A FF 91 00
   58868.731 RX    58 FF FF 01
   58889.073 RX    00 89 64 00
   58899.241 RX    04 1E FF 00
   58919.630 RX    30 80 80 32 00
   58929.821 RX    26 00 26 00 26 00 26 00
   58950.127 RX    00 00
   58950.180 TX    80
   58960.306 RX    80 80 1C
   58980.607 RX    03 89 87 71 71
   59000.911 RX    FF 22 84 25
   59011.069 RX    00 80 01 00
   59031.422 RX    00 00 1D 81
   59041.598 RX    2C 00 24 00 3C
   59061.891 RX    07 D3 10 00 00
   59061.938 TX    7D
   59082.319 RX    7D 7D 21
   59092.546 RX    40 0A FF 91
   59112.904 RX    00 58 FF FF
   59123.086 RX    01 00 89 64
   59143.379 RX    00 04 1E FF
   59153.535 RX    00 30 80 80 22
   59173.826 RX    00 26 00 26 00 26 00
   59184.241 RX    26 00 00 00
   59184.303 TX    80
   59204.572 RX    80 80 1C 03 85 87
   59224.863 RX    71 71 FF 23
   59235.007 RX    84 25 00 80
   59255.313 RX    01 00 00 00
   59265.454 RX    1D 81 2C 00
   59285.717 RX    27 00 3F 07 B6 10
   59305.978 RX    00 00
   59306.007 TX    7D
   59316.130 RX    7D 7D
   59337.164 RX    21 40 0A FF
   59347.287 RX    91 00 58 FF
   59367.564 RX    FF 01 00 89
   59377.699 RX    64 00 04 1E
   59397.950 RX    FF 00 30 80
   59418.197 RX    80 1F 00 26 00 26 00
   59428.282 RX    26 00 26 00 00 00
   59428.315 TX    80
   59448.554 RX    80 80 1C
   59458.693 RX    03 93 87 71 71 FF
   59478.941 RX    23 84 25 00
   59489.095 RX    80 01 00 00
   59509.589 RX    00 1D 81 2C
   59529.941 RX    00 2B 00 3E 07
   59540.142 RX    D2 10 00 00
   59540.189 TX    7D
   59560.513 RX    7D 7D 21
   59570.698 RX    40 0A FF 91
   59591.038 RX    00 58 FF FF
   59601.208 RX    01 00 89 64
   59621.557 RX    00 04 1E FF
   59641.876 RX    00 30 80 80 35
   59652.043 RX    00 26 00 26 00 26 00
   59672.403 RX    26 00 00 00
   59672.453 TX    80
   59682.609 RX    80 80
   59702.927 RX    1C 03 8D 87 71
   59713.128 RX    71 FF 23 84
   59733.463 RX    25 00 80 01 00
   59753.819 RX    00 00 1D
   59763.991 RX    81 2C 00 29 00 3E
   59784.312 RX    07 BB 10 00 00
   59784.355 TX    7D
   59794.552 RX    7D 7D 21
   59814.890 RX    40 0A FF 91
   59824.972 RX    00 58 FF FF
   59845.403 RX    01 00 89 64
   59865.774 RX    00 04 1E FF
   59876.008 RX    00 30 80 80 2E
   59896.487 RX    00 26 00 26 00 26 00
   59906.689 RX    26 00 00 00
   59906.745 TX    80
   59927.135 RX    80 80 1C 03 A6
   59937.310 RX    87 71 71 FF
   59957.670 RX    22 84 25 00
   59977.983 RX    80 01 00 00
   59988.147 RX    00 1D 81 2C
   60008.528 RX    00 2D 00 3C 07 D1
   60018.721 RX    10 00 00
   60018.767 TX    7D
   60039.287 RX    7D 7D 21
   60049.461 RX    40 0A FF 91
   60069.894 RX    00 58 FF FF
   60080.224 RX    01 00 89 64
   60100.624 RX    00 04 1E FF
   60121.099 RX    00 30 80 80
   60131.409 RX    1F 00 26 00 26 00 26 00
   60151.913 RX    26 00 00 00
   60152.001 TX    80
   60162.240 RX    80 80
   60182.748 RX    1C 03 95 87 71
   60193.025 RX    71 FF 22 84
   60213.520 RX    25 00 80 01
   60234.011 RX    00 00 00 1D
   60244.228 RX    81 2C 00 32 00
   60264.597 RX    3C 07 D2 10 00
   60274.804 RX    00
   60274.850 TX    7D
   60295.302 RX    7D 7D 21 40
   60305.507 RX    0A FF 91 00
   60326.013 RX    58 FF FF 01
   60336.714 RX    00 89 64 00
   60357.220 RX    04 1E FF 00
   60377.717 RX    30 80 80 31 00
   60387.950 RX    26 00 26 00 26 00 26 00
   60408.448 RX    00 00
   60408.495 TX    80
   60418.661 RX    80 80
   60439.173 RX    1C 03 93 87 71
   60449.536 RX    71 FF 23 84
   60469.898 RX    25 00 80 01
   60480.213 RX    00 00 00 1D
   60500.567 RX    81 2B 00 2D 00
   60521.051 RX    3C 07 BE 10 00
   60531.359 RX    00
   60531.424 TX    7D
   60551.815 RX    7D 7D 21
   60562.133 RX    40 0A FF 91 00
   60582.509 RX    58 FF FF 01
   60592.718 RX    00 89 64 00
   60613.385 RX    04 1E FF 00
   60633.832 RX    30 80 80 32 00
   60644.100 RX    26 00 26 00 26 00 26
   60664.561 RX    00 00 00
   60664.617 TX    80
   60674.780 RX    80 80 1C
   60695.242 RX    03 A5 87 71 71
   60705.516 RX    FF 23 85 25
   60725.918 RX    00 80 01 00
   60736.246 RX    00 00 1D 81
   60756.662 RX    2B 00 26 00 3F
   60777.249 RX    07 B7 10 00 00
   60777.307 TX    7D
   60787.608 RX    7D 7D
   60808.449 RX    21 40 0A FF
   60818.647 RX    91 00 58 FF
   60839.086 RX    FF 01 00 89
   60849.331 RX    64 00 04 1E
   60869.748 RX    FF 00 30 80
   60879.952 RX    80 35 00 26 00 26
   60900.318 RX    00 26 00 26 00 00 00
   60900.370 TX    80
   60920.801 RX    80 80 1C
   60931.006 RX    03 91 87 71 71
   60951.656 RX    FF 22 85 25
   60961.879 RX    00 80 01 00
   60982.254 RX    00 00 1D 81
   60992.530 RX    2A 00 1B 00 42
   61012.912 RX    07 BD 10 00 00
   61012.983 TX    7D
   61033.330 RX    7D 7D 21
   61043.537 RX    40 0A FF 91
   61064.012 RX    00 58 FF FF
   61074.289 RX    01 00 89 64
   61094.660 RX    00 04 1E FF
   61104.863 RX    00 30 80 80 27
   61125.383 RX    00 26 00 26 00 26 00
   61135.657 RX    26 00 00 00
   61135.753 TX    80
   61156.170 RX    80 80 1C 03 92
   61176.621 RX    87 71 71 FF
   61186.820 RX    22 85 25 00
   61207.454 RX    80 01 00 00
   61217.647 RX    00 1D 81 2A
   61238.022 RX    00 1C 00 42 07 C1
   61248.237 RX    10 00 00
   61248.298 TX    7D
   61268.786 RX    7D 7D 21 40
   61289.164 RX    0A FF 91 00
   61299.370 RX    59 FF FF 01
   61319.796 RX    00 89 64 00
   61329.998 RX    04 1E FF 00
   61351.010 RX    30 80 80 22 00
   61361.285 RX    26 00 26 00 26 00 26 00
   61381.892 RX    00 00
   61381.977 TX    80
   61392.298 RX    80 80
   61412.830 RX    1C 03 93 87 71
   61433.186 RX    71 FF 23 85
   61443.385 RX    25 00 80 01
   61463.799 RX    00 00 00 1D
   61473.985 RX    81 2A 00 1E 00
   61494.319 RX    41 07 C6 10 00
   61504.540 RX    00
   61504.602 TX    7D
   61524.987 RX    7D 7D 21 40
   61545.315 RX    0A FF 91 00
   61555.501 RX    58 FF FF 01
   61575.844 RX    00 89 64 00
   61586.037 RX    04 1E FF 00
   61606.382 RX    30 80 80 2D 00
   61616.564 RX    26 00 26 00 26 00 26 00
   61636.939 RX    00 00
   61636.983 TX    80
   61657.363 RX    80 80
   61667.561 RX    1C 03 9D 87 71
   61687.913 RX    71 FF 23 85
   61698.105 RX    25 00 80 01 00
   61718.492 RX    00 00 1D 81
   61728.678 RX    2A 00 10 00
   61749.063 RX    43 07 D5 10 00
   61769.420 RX    00
   61769.460 TX    7D
   61779.621 RX    7D 7D
   61799.986 RX    21 40 0A FF
   61810.168 RX    91 00 59 FF
   61830.473 RX    FF 01 00 89
   61841.516 RX    64 00 04 1E
   61861.897 RX    FF 00 30 80
   61872.094 RX    80 25 00 26 00 26 00
   61892.475 RX    26 00 26 00 00 00
   61892.545 TX    80
   61912.910 RX    80 80 1C
   61923.091 RX    03 87 87 71 71
   61943.528 RX    FF 23 85 25
   61953.715 RX    00 80 01 00
   61974.143 RX    00 00 1D 81
   61984.321 RX    2A 00 1D 00 41
   62004.670 RX    07 BE 10 00 00
   62004.730 TX    7D
   62025.068 RX    7D 7D 21
   62035.266 RX    40 0A FF 91
   62055.643 RX    00 58 FF FF
   62065.865 RX    01 00 89 64
   62086.352 RX    00 04 1E FF
   62096.604 RX    00 30 80 80 1F
   62116.999 RX    00 26 00 26 00 26 00
   62137.393 RX    26 00 00 00
   62137.454 TX    80
   62147.608 RX    80 80
   62167.995 RX    1C 03 9A 87 71
   62178.499 RX    71 FF 23
   62198.967 RX    85 25 00 80 01
   62209.422 RX    00 00 00 1D
   62229.860 RX    81 2A 00 31 00
   62240.078 RX    3C 07 C8 10 00
   62260.461 RX    00
   62260.509 TX    7D
   62280.891 RX    7D 7D 21
   62291.100 RX    40 0A FF 91
   62311.490 RX    00 59 FF FF
   62321.702 RX    01 00 89 64
   62341.942 RX    00 04 1E FF
   62352.127 RX    00 30 80 80 36
   62372.558 RX    00 26 00 26 00 26 00
   62392.955 RX    26 00 00 00
   62393.017 TX    80
   62403.214 RX    80 80
   62423.670 RX    1C 03 95 87 71
   62433.859 RX    71 FF 22 85
   62454.260 RX    25 00 80 01
   62464.392 RX    00 00 00 1D
   62484.726 RX    81 29 00 2D 00
   62505.010 RX    3C 07 B6 10 00
   62515.153 RX    00
   62515.199 TX    7D
   62535.490 RX    7D 7D 21
   62545.634 RX    40 0A FF 91
   62565.919 RX    00 59 FF FF
   62576.097 RX    01 00 89 64
   62596.423 RX    00 04 1E FF
   62616.701 RX    00 30 80 80 23
   62626.908 RX    00 26 00 26 00 26 00
   62647.312 RX    26 00 00 00
   62647.397 TX    80
   62657.718 RX    80 80
   62678.070 RX    1C 03 8F 87 71
   62688.216 RX    71 FF 22 85
   62708.501 RX    25 00 80 01
   62728.795 RX    00 00 00 1D
   62738.938 RX    81 29 00 2D 00
   62759.235 RX    3E 07 BE 10 00
   62769.386 RX    00
   62769.427 TX    7D
   62789.683 RX    7D 7D 21 40
   62799.828 RX    0A FF 91 00
   62820.092 RX    59 FF FF 01
   62840.349 RX    00 89 64 00
   62850.584 RX    04 1E FF 00
   62871.134 RX    30 80 80 23 00
   62881.312 RX    26 00 26 00 26 00 26 00
   62901.647 RX    00 00
   62901.701 TX    80
   62911.899 RX    80 80
   62932.305 RX    1C 03 8F 87 71
   62952.653 RX    71 FF 22 85
   62962.837 RX    25 00 80 01
   62983.213 RX    00 00 00 1D
   62993.376 RX    81 29 00 39 00
   63013.740 RX    3A 07 C4 10 00
   63023.947 RX    00
   63023.993 TX    7D
   63044.325 RX    7D 7D 21 40
   63064.683 RX    0A FF 91 00 59
   63074.881 RX    FF FF 01
   63095.254 RX    00 89 64 00
   63105.600 RX    04 1E FF 00
   63125.981 RX    30 80 80 18 00
   63136.183 RX    26 00 26 00 26 00 26 00
   63156.549 RX    00 00
   63156.602 TX    80
   63176.953 RX    80 80 1C
   63187.237 RX    03 74 87 71 71
   63207.599 RX    FF 22 85
   63217.874 RX    25 00 80 01
   63238.254 RX    00 00 00 1D
   63248.372 RX    81 29 00 15 00
   63268.723 RX    43 07 BA 10 00
   63289.249 RX    00
   63289.303 TX    7D
   63299.468 RX    7D 7D
   63319.885 RX    21 40 0A FF
   63330.104 RX    91 00 59 FF
   63350.467 RX    FF 01 00 89
   63361.322 RX    64 00 04 1E
   63381.718 RX    FF 00 30 80
   63391.910 RX    80 25 00 26 00 26 00
   63412.315 RX    26 00 26 00 00 00
   63412.416 TX    80
   63432.781 RX    80 80 1C
   63442.993 RX    03 97 87 71 71
   63463.378 RX    FF 22 85 25
   63473.639 RX    00 80 01 00
   63494.070 RX    00 00 1D 81
   63504.262 RX    29 00 2A 00 3C
   63524.650 RX    07 B0 10 00 00
   63524.702 TX    7D
   63545.122 RX    7D 7D 21
   63555.459 RX    40 0A FF 91
   63575.880 RX    00 59 FF FF
   63586.102 RX    01 00 89 64
   63606.633 RX    00 04 1E FF
   63616.919 RX    00 30 80 80 2B
   63637.542 RX    00 26 00 26 00 26 00
   63647.741 RX    26 00 00 00
   63647.803 TX    80
   63668.239 RX    80 80 1C 03 97
   63688.685 RX    87 71 71 FF
   63698.887 RX    22 85 25 00
   63719.465 RX    80 01 00 00
   63729.641 RX    00 1D 81 29
   63749.992 RX    00 19 00 42 07 BE
   63760.208 RX    10 00 00
   63760.287 TX    7D
   63780.675 RX    7D 7D 21 40
   63801.069 RX    0A FF 91 00
   63811.315 RX    5A FF FF 01 00
   63831.741 RX    89 64 00
   63841.956 RX    04 1E FF 00
   63863.026 RX    30 80 80 29 00
   63873.263 RX    26 00 26 00 26 00 26 00
   63893.679 RX    00 00
   63893.745 TX    80
   63903.966 RX    80 80 1C
   63924.450 RX    03 8B 87 71 71
   63944.983 RX    FF 22 85 25
   63955.217 RX    00 80 01 00
   63975.668 RX    00 00 1D 81
   63985.928 RX    29 00 21 00 40
   64006.407 RX    07 BE 10 00 00
   64006.480 TX    7D
   64016.808 RX    7D 7D 21
   64037.327 RX    40 0A FF 91
   64047.547 RX    00 5A FF FF
   64068.147 RX    01 00 89 64
   64088.534 RX    00 04 1E FF
   64098.790 RX    00 30 80 80 27
   64119.241 RX    00 26 00 26 00 26 00
   64129.394 RX    26 00 00 00
   64129.451 TX    80
   64149.898 RX    80 80 1C 03 8D
   64160.230 RX    87 71 71 FF
   64180.603 RX    22 85 25 00
   64200.977 RX    80 01 00 00
   64211.170 RX    00 1D 81 28
   64231.823 RX    00 1A 00 41 07 BC
   64242.193 RX    10 00 00
   64242.858 TX    7D
   64263.456 RX    7D 7D 21
   64273.649 RX    40 0A FF 91
   64294.018 RX    00 5A FF FF
   64304.283 RX    01 00 89 64
   64324.652 RX    00 04 1E FF
   64335.003 RX    00 30 80 80 32
   64355.494 RX    00 26 00 26 00 26 00
   64376.494 RX    26 00 00 00
   64376.560 TX    80
   64386.726 RX    80 80
   64407.131 RX    1C 03 A1 87 71
   64417.383 RX    71 FF 22 85
   64437.727 RX    25 00 80 01
   64447.920 RX    00 00 00 1D
   64468.300 RX    81 28 00 2D 00
   64488.684 RX    3C 07 C5 10 00
   64498.868 RX    00
   64498.926 TX    7D
   64519.371 RX    7D 7D 21
   64529.552 RX    40 0A FF 91
   64549.999 RX    00 5A FF FF
   64560.165 RX    01 00 89 64
   64580.538 RX    00 04 1E FF
   64590.992 RX    00 30 80 80 1B
   64611.382 RX    00 26 00 26 00 26 00
   64631.755 RX    26 00 00 00
   64631.799 TX    80
   64641.963 RX    80 80
   64662.308 RX    1C 03 8B 87 71
   64672.516 RX    71 FF 22 85
   64692.885 RX    25 00 80 01
   64703.080 RX    00 00 00 1D
   64723.458 RX    81 27 00 29 00
   64743.812 RX    3E 07 BC 10 00
   64753.994 RX    00
   64754.040 TX    7D
   64774.376 RX    7D 7D 21 40
   64784.565 RX    0A FF 91 00
   64804.953 RX    5A FF FF 01
   64815.137 RX    00 89 64 00
   64835.499 RX    04 1E FF 00
   64855.856 RX    30 80 80 12 00
   64866.810 RX    26 00 26 00 26 00
   64887.200 RX    26 00 00 00
   64887.252 TX    80
   64897.401 RX    80 80
   64917.764 RX    1C 03 78 87 71
   64927.942 RX    71 FF 22 85
   64948.302 RX    25 00 80 01
   64968.647 RX    00 00 00 1D
   64978.847 RX    81 27 00 11 00
   64999.228 RX    43 07 B1 10
   65009.374 RX    00 00
   65009.422 TX    7D
   65029.755 RX    7D 7D 21
   65040.181 RX    40 0A FF 91
   65060.566 RX    00 5B FF FF
   65070.824 RX    01 00 89 64
   65091.168 RX    00 04 1E FF
   65111.531 RX    00 30 80 80
   65121.715 RX    11 00 26 00 26 00 26
   65142.338 RX    00 26 00 00 00
   65142.440 TX    80
   65152.744 RX    80 80 1C
   65173.320 RX    03 90 87 71 71
   65183.556 RX    FF 22 85 25
   65204.080 RX    00 80 01 00
   65224.509 RX    00 00 1D 81
   65234.780 RX    27 00 2C 00 3C
   65255.497 RX    07 AF 10 00 00
   65255.549 TX    7D
   65265.779 RX    7D 7D
   65286.533 RX    21 40 0A FF
   65297.187 RX    91 00 5B FF
   65317.718 RX    FF 01 00 89
   65327.959 RX    64 00 04 1E
   65348.402 RX    FF 00 30 80
   65358.713 RX    80 25 00 26 00 26 00
   65379.286 RX    26 00 26 00 00 00
   65379.367 TX    80
   65399.999 RX    80 80 1C
   65410.231 RX    03 91 87 71 71
   65431.037 RX    FF 21 85 25
   65441.615 RX    00 80 01 00
   65462.508 RX    00 00 1D 81
   65472.739 RX    27 00 25 00 3F
   65493.667 RX    07 CC 10 00 00
   65493.772 TX    7D
   65504.190 RX    7D 7D
   65525.337 RX    21 40 0A FF
   65535.633 RX    91 00 5B FF
   65556.051 RX    FF 01 00 89
   65566.810 RX    64 00 04 1E
   65587.884 RX    FF 00 30 80
   65608.852 RX    80 29 00 26 00 26 00
   65619.142 RX    26 00 26 00 00 00
   65619.229 TX    80
   65639.851 RX    80 80 1C
   65650.409 RX    03 8F 87 71 71
   65670.864 RX    FF 22 85 25
   65681.181 RX    00 80 01 00
   65701.713 RX    00 00 1D 81
   65711.946 RX    27 00 12 00 43
   65732.649 RX    07 A9 10 00 00
   65732.767 TX    7D
   65743.292 RX    7D 7D
   65763.765 RX    21 40 0A FF
   65784.565 RX    91 00 5C FF
   65794.929 RX    FF 01 00 89
   65815.383 RX    64 00 04 1E
   65825.641 RX    FF 00 30 80
   65846.182 RX    80 1D 00 26 00 26 00
   65856.425 RX    26 00 26 00 00 00
   65856.498 TX    80
   65877.076 RX    80 80 1C 03 8E
   65887.308 RX    87 71 71 FF
   65907.724 RX    21 85 25 00
   65928.188 RX    80 01 00 00
   65938.425 RX    00 1D 81 27
   65958.831 RX    00 26 00 3F 07 AB
   65969.032 RX    10 00 00
   65969.086 TX    7D
   65989.479 RX    7D 7D 21 40
   65999.685 RX    0A FF 91 00
   66020.056 RX    5C FF FF 01
   66040.425 RX    00 89 64 00
   66050.605 RX    04 1E FF 00
   66070.958 RX    30 80 80 25 00
   66081.161 RX    26 00 26 00 26 00 26 00
   66101.487 RX    00 00
   66101.536 TX    80
   66111.712 RX    80 80
   66132.222 RX    1C 03 87 87 71
   66152.649 RX    71 FF 21 85
   66162.839 RX    25 00 80 01
   66183.322 RX    00 00 00 1D
   66193.509 RX    81 27 00 1C 00
   66213.910 RX    41 07 B4 10 00
   66224.113 RX    00
   66224.164 TX    7D
   66244.495 RX    7D 7D 21 40
   66254.747 RX    0A FF 91 00
   66275.090 RX    5C FF FF 01
   66295.460 RX    00 89 64 00
   66305.644 RX    04 1E FF 00
   66326.018 RX    30 80 80 1B 00
   66336.226 RX    26 00 26 00 26 00 26 00
   66356.581 RX    00 00
   66356.624 TX    80
   66366.818 RX    80 80
   66387.211 RX    1C 03 8E 87 71
   66407.654 RX    71 FF 21 85
   66417.854 RX    25 00 80 01
   66438.217 RX    00 00 00 1D
   66448.441 RX    81 27 00 21 00
   66468.887 RX    40 07 B4 10 00
   66479.087 RX    00
   66479.137 TX    7D
   66499.510 RX    7D 7D 21 40
   66519.889 RX    0A FF 91 00
   66530.079 RX    5C FF FF 01
   66550.547 RX    00 89 64 00
   66560.743 RX    04 1E FF 00
   66581.227 RX    30 80 80 22 00
   66591.399 RX    26 00 26 00 26 00 26
   66611.759 RX    00 00 00
   66611.810 TX    80
   66632.152 RX    80 80 1C
   66642.323 RX    03 8B 87 71 71
   66662.831 RX    FF 21 85 25
   66673.043 RX    00 80 01 00
   66693.411 RX    00 00 1D 81
   66703.592 RX    27 00 23 00 3E
   66723.953 RX    07 C4 10 00 00
   66724.003 TX    7D
   66744.422 RX    7D 7D 21
   66754.628 RX    40 0A FF 91
   66775.008 RX    00 5D FF FF
   66785.212 RX    01 00 89 64
   66805.992 RX    00 04 1E FF
   66816.196 RX    00 30 80 80 1F
   66836.575 RX    00 26 00 26 00 26 00
   66846.783 RX    26 00 00 00
   66846.843 TX    80
   66867.183 RX    80 80 1C 03 93
   66887.626 RX    87 71 72 FF
   66897.838 RX    22 85 25 00
   66918.298 RX    80 01 00 00
   66928.634 RX    00 1D 81 27
   66949.028 RX    00 28 00 3E 07 C8
   66959.314 RX    10 00 00
   66959.371 TX    7D
   66979.826 RX    7D 7D 21 40
   67000.206 RX    0A FF 91 00
   67010.396 RX    5D FF FF 01
   67030.767 RX    00 89 64 00
   67040.963 RX    04 1E FF 00
   67061.305 RX    30 80 80 19 00
   67071.490 RX    26 00 26 00 26 00 26 00
   67091.859 RX    00 00
   67091.923 TX    80
   67102.293 RX    80 80 1C
   67122.663 RX    03 8E 87 71 72
   67143.055 RX    FF 22 85 25
   67153.250 RX    00 80 01 00
   67173.712 RX    00 00 1D 81
   67183.903 RX    27 00 27 00 3F
   67204.270 RX    07 B4 10 00 00
   67204.330 TX    7D
   67214.537 RX    7D 7D 21
   67234.909 RX    40 0A FF 91
   67255.292 RX    00 5D FF FF
   67265.513 RX    01 00 89 64
   67285.892 RX    00 04 1E FF
   67296.092 RX    00 30 80 80
   67316.791 RX    15 00 26 00 26 00 26
   67327.010 RX    00 26 00 00 00
   67327.057 TX    80
   67347.400 RX    80 80 1C 03 83
   67367.759 RX    87 71 72 FF
   67377.921 RX    21 85 25 00
   67398.496 RX    80 01 00 00
   67408.721 RX    00 1D 81 27
   67429.186 RX    00 1E 00 41 07 BA
   67439.383 RX    10 00 00
   67439.441 TX    7D
   67459.746 RX    7D 7D 21 40
   67480.096 RX    0A FF 91 00
   67490.331 RX    5D FF FF 01
   67510.694 RX    00 89 64 00
   67520.860 RX    04 1E FF 00
   67541.303 RX    30 80 80 11 00
   67551.537 RX    26 00 26 00 26 00 26 00
   67572.062 RX    00 00
   67572.130 TX    80
   67582.334 RX    80 80 1C
   67602.692 RX    03 85 87 71 72
   67623.105 RX    FF 22 85 25
   67633.335 RX    00 80 01 00
   67653.690 RX    00 00 1D 81
   67663.886 RX    27 00 21 00 3F
   67684.328 RX    07 AE 10 00 00
   67684.377 TX    7D
   67694.693 RX    7D 7D 21
   67715.153 RX    40 0A FF 91
   67735.630 RX    00 5C FF FF
   67746.202 RX    01 00 89 64
   67767.082 RX    00 04 1E FF
   67777.617 RX    00 30 80 80 1A
   67798.928 RX    00 26 00 26 00 26 00
   67809.660 RX    26 00 00 00
   67809.758 TX    80
   67830.917 RX    80 80 1C
   67841.437 RX    03 7E 87 71 72
   67862.396 RX    FF 22 85
   67872.638 RX    25 00 80 01 00
   67893.593 RX    00 00 1D 81
   67903.797 RX    27 00 1B 00 42
   67924.526 RX    07 AC 10 00 00
   67924.576 TX    7D
   67934.754 RX    7D 7D 21
   67955.363 RX    40 0A FF
   67975.744 RX    91 00 5C FF
   67986.073 RX    FF 01 00 89
   68006.553 RX    64 00 04 1E
   68016.734 RX    FF 00 30 80
   68037.293 RX    80 23 00 26 00 26 00
   68047.603 RX    26 00 26 00 00 00
   68047.655 TX    80
   68068.020 RX    80 80 1C 03 86
   68078.245 RX    87 71 72 FF
   68098.780 RX    22 85 25 00
   68119.148 RX    80 01 00 00
   68129.453 RX    00 1D 81 27
   68149.813 RX    00 26 00 3F 07 B6
   68160.145 RX    10 00 00
   68160.191 TX    7D
   68180.635 RX    7D 7D 21 40
   68190.820 RX    0A FF 91
   68211.311 RX    00 5C FF FF 01
   68232.081 RX    00 89 64 00
   68242.389 RX    04 1E FF 00
   68262.794 RX    30 80 80 2B
   68273.219 RX    00 26 00 26 00 26 00 26
   68294.491 RX    00 00 00
   68294.591 TX    80
   68305.404 RX    80 80
   68326.557 RX    1C 03 99 87 71
   68336.894 RX    72 FF 21 85
   68357.784 RX    25 00 80 01
   68368.149 RX    00 00 00 1D
   68389.167 RX    81 27 00 2D 00
   68399.676 RX    3C 07 C2 10 00
   68420.122 RX    00
   68420.169 TX    7D
   68430.509 RX    7D 7D 21
   68451.486 RX    40 0A FF 91
   68472.352 RX    00 5D FF FF
   68482.719 RX    01 00 89 64
   68503.861 RX    00 04 1E FF
   68514.494 RX    00 30 80 80
   68535.666 RX    16 00 26 00 26 00 26
   68545.982 RX    00 26 00 00 00
   68546.069 TX    80
   68566.941 RX    80 80 1C 03
   68577.470 RX    91 87 71 72 FF
   68598.635 RX    22 85 25 00
   68608.992 RX    80 01 00 00
   68629.924 RX    00 1D 81 27
   68640.357 RX    00 1E 00 41 07
   68661.289 RX    B2 10 00 00
   68661.394 TX    7D
   68671.710 RX    7D 7D 21
   68692.384 RX    40 0A FF 91
   68703.307 RX    00 5D FF FF
   68724.236 RX    01 00 89
   68734.860 RX    64 00 04 1E
   68755.736 RX    FF 00 30 80
   68766.142 RX    80 0C 00 26 00 26 00
   68787.267 RX    26 00 26 00 00 00
   68787.390 TX    80
   68798.090 RX    80 80 1C
   68819.097 RX    03 84 87 71 72
   68840.324 RX    FF 22 86 25
   68851.207 RX    00 80 01 00
   68871.960 RX    00 00 1D 81
   68882.559 RX    27 00 16 00
   68904.241 RX    43 07 A7 10 00
   68914.564 RX    00
   68914.635 TX    7D
   68935.285 RX    7D 7D 21
   68945.477 RX    40 0A FF 91
   68965.837 RX    00 5C FF FF
   68976.030 RX    01 00 89 64
   68996.395 RX    00 04 1E FF
   69006.571 RX    00 30 80 80 17
   69026.939 RX    00 26 00 26 00 26 00
   69047.316 RX    26 00 00 00
   69047.372 TX    80
   69057.550 RX    80 80
   69077.934 RX    1C 03 8A 87 71
   69088.169 RX    72 FF 22 86
   69108.620 RX    25 00 80 01
   69118.801 RX    00 00 00 1D
   69139.305 RX    81 27 00 1D 00
   69159.654 RX    41 07 B2 10 00
   69169.839 RX    00
   69169.882 TX    7D
   69190.201 RX    7D 7D 21
   69200.487 RX    40 0A FF 91
   69221.450 RX    00 5A FF FF
   69231.833 RX    01 00 89 64
   69252.217 RX    00 04 1E FF
   69262.481 RX    00 30 80 80 31
   69283.359 RX    00 26 00 26 00 26 00
   69294.321 RX    26 00 00 00
   69294.414 TX    80
   69315.709 RX    80 80 1C 03 8E
   69326.363 RX    87 71 72 FF 21
   69347.373 RX    86 25 00
   69357.975 RX    80 01 00 00 00
   69378.995 RX    1D 81 27
   69399.806 RX    00 28 00 3E 07 C1 10
   69410.071 RX    00 00
   69410.142 TX    7D
   69430.493 RX    7D 7D 21 40
   69440.839 RX    0A FF 91 00
   69461.306 RX    5A FF FF 01
   69471.482 RX    00 89 64 00
   69491.905 RX    04 1E FF 00
   69502.107 RX    30 80 80 1D 00
   69522.628 RX    26 00 26 00 26 00 26
   69543.191 RX    00 00 00
   69543.272 TX    80
   69553.634 RX    80 80
   69573.976 RX    1C 03 91 87 71
   69584.220 RX    72 FF 21 85
   69604.614 RX    25 00 80 01
   69614.809 RX    00 00 00 1D
   69635.194 RX    81 27 00 21 00
   69645.666 RX    40 07 BB 10 00
   69666.200 RX    00
   69666.250 TX    7D
   69686.541 RX    7D 7D 21
   69696.797 RX    40 0A FF 91
   69717.249 RX    00 5A FF FF
   69727.490 RX    01 00 89 64
   69747.974 RX    00 04 1E FF
   69758.174 RX    00 30 80 80 26
   69778.607 RX    00 26 00 26 00 26 00
   69799.148 RX    26 00 00 00
   69799.211 TX    80
   69809.538 RX    80 80
   69830.763 RX    1C 03 7E 87 71
   69841.212 RX    71 FF 22 85
   69862.630 RX    25 00 80 01
   69872.954 RX    00 00 00 1D
   69894.213 RX    81 27 00 2E 00
   69904.757 RX    3C 07 B0 10 00
   69925.375 RX    00
   69925.442 TX    7D
   69935.597 RX    7D 7D
   69955.947 RX    21 40 0A FF
   69966.144 RX    91 00 58 FF
   69986.498 RX    FF 01 00 89
   70006.827 RX    64 00 04 1E
   70017.184 RX    FF 00 30 80
   70037.514 RX    80 13 00 26 00 26 00
   70047.721 RX    26 00 26 00 00 00
   70047.768 TX    80
   70068.241 RX    80 80 1C 03
   70078.478 RX    79 87 71 72
   70098.842 RX    FF 21 86 25
   70119.303 RX    00 80 01 00
   70129.469 RX    00 00 1D 81
   70149.815 RX    27 00 19 00 42
   70160.000 RX    07 A7 10 00 00
   70160.080 TX    7D
   70180.624 RX    7D 7D 21
   70190.858 RX    40 0A FF 91
   70211.386 RX    00 58 FF FF
   70221.576 RX    01 00 89 64
   70241.976 RX    00 04 1E FF
   70262.550 RX    00 30 80 80 26
   70272.781 RX    00 26 00 26 00 26 00
   70293.312 RX    26 00 00 00
   70293.454 TX    80
   70303.806 RX    80 80
   70324.454 RX    1C 03 8C 87 71
   70334.895 RX    72 FF 22 86
   70356.366 RX    25 00 80 01
   70366.899 RX    00 00 00 1D
   70387.972 RX    81 27 00 2B 00
   70398.789 RX    3E 07 AC 10 00
   70419.500 RX    00
   70419.554 TX    7D
   70429.710 RX    7D 7D
   70450.070 RX    21 40 0A FF 91
   70470.469 RX    00 57 FF
   70480.653 RX    FF 01 00 89
   70501.026 RX    64 00 04 1E
   70511.397 RX    FF 00 30 80
   70531.769 RX    80 1C 00 26 00 26 00
   70541.969 RX    26 00 26 00 00 00
   70542.034 TX    80
   70562.472 RX    80 80 1C 03 87
   70582.829 RX    87 71 72 FF
   70592.994 RX    22 86 25 00
   70613.311 RX    80 01 00 00
   70623.497 RX    00 1D 81 27
   70643.863 RX    00 22 00 41 07 B5
   70654.059 RX    10 00 00
   70654.114 TX    7D
   70674.438 RX    7D 7D 21 40
   70694.816 RX    0A FF 91 00
   70705.003 RX    57 FF FF 01
   70725.307 RX    00 89 64 00
   70735.493 RX    04 1E FF 00
   70755.853 RX    30 80 80 20 00
   70766.099 RX    26 00 26 00 26 00 26 00
   70786.635 RX    00 00
   70786.679 TX    80
   70807.027 RX    80 80 1C
   70817.223 RX    03 8C 87 71 72
   70838.096 RX    FF 22 86 25
   70848.545 RX    00 80 01 00
   70869.036 RX    00 00 1D 81
   70879.343 RX    27 00 11 00 43
   70900.298 RX    07 A5 10 00 00
   70900.430 TX    7D
   70910.924 RX    7D 7D 21
   70932.091 RX    40 0A FF 91
   70942.304 RX    00 57 FF FF
   70962.671 RX    01 00 89 64
   70983.089 RX    00 04 1E FF
   70993.272 RX    00 30 80 80 20
   71013.716 RX    00 26 00 26 00 26
   71023.899 RX    00 26 00 00 00
   71023.953 TX    80
   71044.393 RX    80 80 1C 03
   71054.620 RX    8E 87 71 72 FF
   71075.130 RX    22 86 25 00
   71085.307 RX    80 01 00 00
   71105.689 RX    00 1D 81 27
   71126.208 RX    00 20 00 40 07 AC
   71136.379 RX    10 00 00
   71136.425 TX    7D
   71156.765 RX    7D 7D 21 40
   71166.967 RX    0A FF 91 00
   71187.318 RX    56 FF FF 01
   71197.527 RX    00 89 64 00
   71217.889 RX    04 1E FF 00
   71238.497 RX    30 80 80 27 00
   71248.711 RX    26 00 26 00 26 00 26 00
   71269.174 RX    00 00
   71269.219 TX    80
   71279.388 RX    80 80
   71299.767 RX    1C 03 8C 87 71
   71310.007 RX    72 FF 22 86
   71330.471 RX    25 00 80 01
   71351.383 RX    00 00 00 1D
   71362.057 RX    81 27 00 23 00
   71382.828 RX    40 07 C0 10 00
   71393.375 RX    00
   71393.467 TX    7D
   71414.512 RX    7D 7D 21
   71425.078 RX    40 0A FF 91
   71445.547 RX    00 56 FF FF
   71455.742 RX    01 00 89 64
   71476.206 RX    00 04 1E FF
   71486.449 RX    00 30 80 80 1D
   71507.169 RX    00 26 00 26 00 26 00
   71517.499 RX    26 00 00 00
   71517.575 TX    80
   71538.318 RX    80 80 1C 03 82
   71559.241 RX    88 71 72 FF
   71570.095 RX    22 86 25 00
   71590.986 RX    80 01 00 00
   71601.389 RX    00 1D 81 27
   71622.769 RX    00 1B 00 42 07
   71633.551 RX    A9 10 00 00
   71633.652 TX    7D
   71654.377 RX    7D 7D 21 40
   71664.977 RX    0A FF 91 00
   71686.216 RX    55 FF FF 01
   71696.813 RX    00 89 64 00
   71717.884 RX    04 1E FF 00
   71728.354 RX    30 80 80 1F 00
   71749.418 RX    26 00 26 00 26 00 26
   71759.855 RX    00 00 00
   71759.948 TX    80
   71780.878 RX    80 80 1C 03 84
   71791.336 RX    87 71 72 FF
   71812.526 RX    22 86 25 00
   71822.962 RX    80 01 00 00
   71844.375 RX    00 1D 81 27
   71854.721 RX    00 32 00 3C 07
   71875.481 RX    B6 10 00 00
   71875.574 TX    7D
   71885.936 RX    7D 7D 21
   71907.058 RX    40 0A FF 91
   71917.772 RX    00 54 FF FF
   71938.883 RX    01 00 89 64
   71949.258 RX    00 04 1E FF
   71969.656 RX    00 30 80 80 2B
   71990.027 RX    00 26 00 26 00 26 00
   72000.257 RX    26 00 00 00
   72000.315 TX    80
   72020.571 RX    80 80 1C 03 93
   72030.777 RX    88 71 71 FF
   72051.220 RX    21 85 25 00
   72061.415 RX    80 01 00 00
   72081.779 RX    00 1D 81 26
   72102.186 RX    00 26 00 40 07 BF
   72112.394 RX    10 00 00
   72112.461 TX    7D
   72132.898 RX    7D 7D 21 40
   72143.064 RX    0A FF 91 00
   72163.464 RX    53 FF FF 01
   72173.636 RX    00 89 64
   72194.022 RX    00 04 1E FF
   72214.528 RX    00 30 80 80 22
   72224.717 RX    00 26 00 26 00 26 00
   72245.463 RX    26 00 00 00
   72245.553 TX    80
   72256.197 RX    80 80
   72276.735 RX    1C 03 9A 88 71
   72286.930 RX    72 FF 22 85
   72307.478 RX    25 00 80 01
   72318.020 RX    00 00 00 1D
   72339.103 RX    81 26 00 24 00
   72349.748 RX    3F 07 B5 10 00
   72370.784 RX    00
   72370.881 TX    7D
   72381.377 RX    7D 7D 21
   72402.571 RX    40 0A FF 91
   72413.228 RX    00 53 FF FF
   72434.134 RX    01 00 89 64
   72454.544 RX    00 04 1E FF
   72464.741 RX    00 30 80 80
   72485.130 RX    24 00 26 00 26 00 26
   72495.477 RX    00 26 00 00 00
   72495.529 TX    80
   72515.856 RX    80 80 1C 03
   72526.041 RX    8E 88 72 72 FF
   72546.413 RX    22 85 25 00
   72566.817 RX    80 01 00 00
   72577.060 RX    00 1D 81 25
   72597.600 RX    00 22 00 41 07
   72607.790 RX    BF 10 00 00
   72607.839 TX    7D
   72628.382 RX    7D 7D 21 40
   72638.568 RX    0A FF 91 00
   72658.900 RX    52 FF FF 01
   72669.148 RX    00 89 64 00
   72689.508 RX    04 1E FF 00
   72709.858 RX    30 80 80 23 00
   72720.053 RX    26 00 26 00 26 00 26 00
   72740.525 RX    00 00
   72740.572 TX    80
   72750.752 RX    80 80 1C
   72771.110 RX    03 92 88 71 72
   72781.311 RX    FF 22 85 25
   72801.806 RX    00 80 01 00
   72822.158 RX    00 00 1D 81
   72832.316 RX    25 00 11 00 43
   72852.693 RX    07 C4 10 00 00
   72852.735 TX    7D
   72862.908 RX    7D 7D 21
   72883.394 RX    40 0A FF
   72893.584 RX    91 00 52 FF
   72914.693 RX    FF 01 00 89
   72925.070 RX    64 00 04 1E
   72946.308 RX    FF 00 30 80
   72966.686 RX    80 10 00 26 00 26
   72976.865 RX    00 26 00 26 00 00
   72997.286 RX    00
   72997.338 TX    80
   73007.501 RX    80 80
   73027.852 RX    1C 03 89 88 71
   73038.035 RX    72 FF 21 85
   73058.368 RX    25 00 80 01
   73078.736 RX    00 00 00 1D
   73088.929 RX    81 25 00 12 00
   73109.303 RX    43 07 B3 10 00
   73119.505 RX    00
   73119.553 TX    7D
   73139.869 RX    7D 7D 21 40
   73150.070 RX    0A FF 91
   73170.454 RX    00 51 FF FF
   73190.814 RX    01 00 89 64
   73201.011 RX    00 04 1E FF
   73221.382 RX    00 30 80 80 1C
   73231.570 RX    00 26 00 26 00 26 00
   73251.939 RX    26 00 00 00
   73251.988 TX    80
   73262.169 RX    80 80
   73282.685 RX    1C 03 93 88 71
   73292.877 RX    72 FF 21 85
   73314.017 RX    25 00 80 01
   73335.148 RX    00 00 00 1D
   73345.787 RX    81 25 00 31 00
   73366.893 RX    3F 07 B4 10 00
   73377.544 RX    00
   73377.656 TX    7D
   73398.555 RX    7D 7D 21
   73409.101 RX    40 0A FF
   73430.044 RX    91 00 51 FF FF
   73441.003 RX    01 00 89 64
   73461.538 RX    00 04 1E FF
   73471.771 RX    00 30 80 80
   73492.155 RX    29 00 26 00 26 00 26
   73502.309 RX    00 26 00 00 00
   73502.357 TX    80
   73522.680 RX    80 80 1C 03
   73532.852 RX    87 88 71 72 FF
   73553.213 RX    21 85 25 00
   73573.656 RX    80 01 00
   73583.841 RX    00 00 1D 81
   73604.345 RX    25 00 13 00 43
   73614.493 RX    07 B6 10 00 00
   73614.541 TX    7D
   73634.957 RX    7D 7D 21 40
   73645.145 RX    0A FF 91 00
   73665.579 RX    50 FF FF 01
   73686.057 RX    00 89 64 00
   73696.265 RX    04 1E FF 00
   73716.667 RX    30 80 80 28 00
   73726.845 RX    26 00 26 00 26 00 26 00
   73747.289 RX    00 00
   73747.441 TX    80
   73757.793 RX    80 80 1C
   73778.437 RX    03 82 88 71 72
   73788.729 RX    FF 22 86 25
   73809.398 RX    00 80 01
   73830.874 RX    00 00 00 1D
   73841.343 RX    81 25 00 23 00
   73862.521 RX    40 07 B0 10 00
   73873.138 RX    00
   73873.234 TX    7D
   73893.954 RX    7D 7D 21 40
   73904.468 RX    0A FF 91
   73925.658 RX    00 4F FF FF 01
   73936.096 RX    00 89 64
   73957.425 RX    00 04 1E FF 00
   73967.623 RX    30 80 80 21
   73988.004 RX    00 26 00 26 00 26 00 26
   73998.343 RX    00 00 00
   73998.391 TX    80
   74018.798 RX    80 80 1C 03
   74029.112 RX    84 88 71 72 FF
   74049.587 RX    22 85 25 00
   74069.937 RX    80 01 00 00
   74080.271 RX    00 1D 81
   74100.872 RX    25 00 12 00 43
   74111.062 RX    07 AA 10 00 00
   74111.113 TX    7D
   74131.506 RX    7D 7D 21 40
   74141.891 RX    0A FF 91 00
   74162.335 RX    4E FF FF 01
   74172.522 RX    00 89 64
   74192.906 RX    00 04 1E FF 00
   74213.392 RX    30 80 80 1C
   74223.583 RX    00 26 00 26 00 26 00
   74243.938 RX    26 00 00 00
   74243.987 TX    80
   74254.193 RX    80 80 1C
   74274.621 RX    03 94 88 72
   74284.794 RX    72 FF 21 85 25
   74305.250 RX    00 80 01
   74325.725 RX    00 00 00 1D 81
   74335.964 RX    25 00 22 00
   74356.451 RX    40 07 AB 10 00 00
   74356.492 TX    7D
   74367.008 RX    7D 7D 21
   74387.762 RX    40 0A FF 91
   74398.390 RX    00 4D FF FF
   74419.486 RX    01 00 89 64
   74429.903 RX    00 04 1E FF
   74450.659 RX    00 30 80 80
   74460.871 RX    1C 00 26 00 26 00 26
   74481.457 RX    00 26 00 00 00
   74481.505 TX    80
   74501.836 RX    80 80 1C
   74512.035 RX    03 90 88 72 72
   74532.554 RX    FF 21 85 25
   74542.745 RX    00 80 01
   74563.324 RX    00 00 00 1D
   74573.525 RX    81 25 00 12 00
   74593.968 RX    43 07 B4 10 00
   74604.447 RX    00
   74604.494 TX    7D
   74624.933 RX    7D 7D 21 40
   74645.481 RX    0A FF 91 00
   74655.670 RX    4C FF FF 01
   74676.028 RX    00 89 64 00
   74686.222 RX    04 1E FF 00
   74706.691 RX    30 80 80 20 00
   74716.876 RX    26 00 26 00 26 00 26 00
   74737.321 RX    00 00
   74737.364 TX    80
   74757.690 RX    80 80 1C
   74767.897 RX    03 83 88 72 72
   74788.484 RX    FF 22 85 25
   74798.680 RX    00 80 01 00
   74819.153 RX    00 00 1D 81
   74829.436 RX    25 00 2A 00 3E
   74849.923 RX    07 A6 10 00 00
   74849.971 TX    7D
   74860.317 RX    7D 7D 21
   74881.361 RX    40 0A FF 91
   74902.557 RX    00 4C FF FF
   74913.549 RX    01 00 89 64
   74934.826 RX    00 04 1E FF
   74945.460 RX    00 30 80 80 28
   74956.308 RX    00 26 00 26 00 26 00
   74976.833 RX    26 00 00 00
   74976.932 TX    80
   74997.496 RX    80 80 1C
   75007.669 RX    03 92 88 72 72
   75028.030 RX    FF 21 86 25
   75038.345 RX    00 80 01 00
   75058.696 RX    00 00 1D 81
   75068.868 RX    24 00 26 00 40
   75089.404 RX    07 B1 10 00 00
   75089.464 TX    7D
   75109.810 RX    7D 7D 21
   75120.046 RX    40 0A FF 91
   75140.506 RX    00 4B FF FF
   75150.692 RX    01 00 89 64
   75171.141 RX    00 04 1E FF
   75181.381 RX    00 30 80 80 2B
   75201.894 RX    00 26 00 26 00 26 00
   75212.226 RX    26 00 00 00
   75212.298 TX    80
   75232.656 RX    80 80 1C 03 87
   75253.124 RX    88 72 72 FF
   75263.419 RX    20 85 25 00
   75283.764 RX    80 01 00 00
   75293.968 RX    00 1D 81 24
   75314.453 RX    00 18 00 42 07 BE
   75324.642 RX    10 00 00
   75324.685 TX    7D
   75345.773 RX    7D 7D 21 40
   75356.512 RX    0A FF 91
   75377.767 RX    00 4A FF FF
   75388.331 RX    01 00 89 64
   75409.245 RX    00 04 1E FF
   75430.469 RX    00 30 80 80 19
   75440.833 RX    00 26 00 26 00 26 00
   75462.332 RX    26 00 00 00
   75462.409 TX    80
   75472.712 RX    80
   75493.071 RX    80 1C 03 86 88
   75503.335 RX    72 72 FF 20
   75523.645 RX    85 25 00 80 01
   75533.963 RX    00 00 00
   75554.475 RX    1D 81 24 00 1C 00
   75564.663 RX    41 07 AC 10
   75584.997 RX    00 00
   75585.043 TX    7D
   75605.652 RX    7D 7D 21
   75615.860 RX    40 0A FF 91
   75636.318 RX    00 4A FF FF
   75646.534 RX    01 00 89 64
   75666.917 RX    00 04 1E FF
   75677.137 RX    00 30 80 80 0D
   75697.662 RX    00 26 00 26 00 26
   75718.121 RX    00 26 00 00 00
   75718.167 TX    80
   75728.317 RX    80 80
   75748.721 RX    1C 03 76 88
   75758.902 RX    72 72 FF 22
   75779.420 RX    85 25 00 80
   75789.615 RX    01 00 00 00
   75809.986 RX    1D 81 24 00 06
   75820.216 RX    00 44 07 AF 10
   75840.657 RX    00 00
   75840.706 TX    7D
   75861.051 RX    7D 7D 21 40
   75871.586 RX    0A FF 91
   75892.749 RX    00 49 FF FF
   75903.360 RX    01 00 89 64
   75924.704 RX    00 04 1E FF
   75935.384 RX    00 30 80 80 05
   75956.487 RX    00 26 00 26 00 26
   75967.534 RX    00 26 00 00 00
   75967.617 TX    80
   75987.954 RX    80 80 1C
   75998.347 RX    03 80 88 72 72
   76018.738 RX    FF 22 86 25
   76029.049 RX    00 80 01 00
   76049.473 RX    00 00 1D 81
   76069.891 RX    24 00 15 00 43
   76080.104 RX    07 B0 10 00 00
   76080.156 TX    7D
   76100.676 RX    7D 7D 21 40
   76110.867 RX    0A FF 91
   76131.252 RX    00 48 FF FF
   76141.457 RX    01 00 89 64
   76161.819 RX    00 04 1E FF
   76172.024 RX    00 30 80 80
   76192.493 RX    0B 00 26 00 26 00 26
   76212.842 RX    00 26 00 00 00
   76212.896 TX    80
   76223.065 RX    80 80
   76243.801 RX    1C 03 7C 88 72
   76253.995 RX    72 FF 21 86
   76274.509 RX    25 00 80 01
   76284.732 RX    00 00 00 1D
   76305.156 RX    81 24 00 07 00
   76325.732 RX    44 07 A8 10 00
   76335.979 RX    00
   76336.027 TX    7D
   76356.534 RX    7D 7D 21
   76366.897 RX    40 0A FF 91
   76388.051 RX    00 47 FF FF
   76398.454 RX    01 00 89 64
   76419.479 RX    00 04 1E FF
   76429.828 RX    00 30 80 80 17
   76450.784 RX    00 26 00 26 00 26
   76461.027 RX    00 26 00 00 00
   76461.084 TX    80
   76481.946 RX    80 80 1C 03 81
   76492.170 RX    88 72 72 FF
   76512.604 RX    22 86 25 00
   76533.159 RX    80 01 00 00
   76543.330 RX    00 1D 81 24
   76563.756 RX    00 0D 00 43 07
   76573.978 RX    A7 10 00 00
   76574.028 TX    7D
   76594.513 RX    7D 7D 21
   76604.728 RX    40 0A FF 91
   76625.080 RX    00 46 FF FF
   76645.458 RX    01 00 89 64
   76655.641 RX    00 04 1E FF
   76676.081 RX    00 30 80 80
   76686.283 RX    13 00 26 00 26 00 26
   76706.648 RX    00 26 00 00 00
   76706.696 TX    80
   76716.881 RX    80 80
   76737.266 RX    1C 03 85 88 72
   76757.647 RX    72 FF 21 86
   76767.839 RX    25 00 80 01 00
   76788.225 RX    00 00 1D
   76798.412 RX    81 24 00 1D 00 41
   76818.731 RX    07 B5 10 00
   76828.908 RX    00
   76828.956 TX    7D
   76849.304 RX    7D 7D 21 40
   76869.652 RX    0A FF 91 00
   76880.478 RX    46 FF FF 01
   76901.101 RX    00 89 64 00
   76911.543 RX    04 1E FF 00
   76932.794 RX    30 80 80 1E 00
   76943.378 RX    26 00 26 00 26 00 26 00
   76964.419 RX    00 00
   76964.542 TX    80
   76975.265 RX    80 80
   76995.741 RX    1C 03 98 88 72
   77006.046 RX    72 FF 21 86
   77026.381 RX    25 00 80 01
   77036.568 RX    00 00 00 1D
   77056.933 RX    81 24 00 2C 00
   77077.335 RX    3C 07 C1 10 00
   77087.530 RX    00
   77087.578 TX    7D
   77107.904 RX    7D 7D 21
   77118.159 RX    40 0A FF 91
   77138.566 RX    00 45 FF FF
   77148.759 RX    01 00 89 64
   77169.210 RX    00 04 1E FF
   77189.618 RX    00 30 80 80 28
   77199.801 RX    00 26 00 26 00 26 00
   77220.202 RX    26 00 00 00
   77220.250 TX    80
   77230.424 RX    80 80
   77250.793 RX    1C 03 91 88 72
   77260.973 RX    72 FF 20 86
   77281.315 RX    25 00 80 01
   77291.723 RX    00 00 00 1D
   77312.237 RX    81 24 00 2F 00
   77332.991 RX    3C 07 BA 10 00
   77343.334 RX    00
   77343.383 TX    7D
   77363.782 RX    7D 7D 21 40
   77374.339 RX    0A FF 91 00
   77395.818 RX    44 FF FF 01
   77406.309 RX    00 89 64
   77427.489 RX    00 04 1E FF 00
   77438.392 RX    30 80 80 1A 00
   77459.340 RX    26 00 26 00 26 00 26
   77470.047 RX    00 00 00
   77470.144 TX    80
   77491.231 RX    80 80 1C
   77501.518 RX    03 7F 88 72 72
   77521.888 RX    FF 20 86 25
   77532.085 RX    00 80 01 00
   77552.458 RX    00 00 1D 81
   77572.785 RX    24 00 21 00 3F
   77582.962 RX    07 AB 10 00 00
   77583.009 TX    7D
   77603.328 RX    7D 7D 21
   77613.526 RX    40 0A FF 91
   77634.113 RX    00 43 FF FF
   77644.317 RX    01 00 89 64
   77664.664 RX    00 04 1E FF
   77685.000 RX    00 30 80 80 1C
   77695.206 RX    00 26 00 26 00 26 00
   77715.590 RX    26 00 00 00
   77715.644 TX    80
   77725.791 RX    80 80
   77746.155 RX    1C 03 7A 88 72
   77756.389 RX    72 FF 21 86
   77776.799 RX    25 00 80 01
   77797.386 RX    00 00 00
   77807.560 RX    1D 81 24 00 0E
   77827.906 RX    00 43 07 A6 10
   77838.090 RX    00 00
   77838.133 TX    7D
   77858.731 RX    7D 7D 21 40
   77869.051 RX    0A FF 91 00
   77890.176 RX    43 FF FF 01
   77900.564 RX    00 89 64 00
   77921.701 RX    04 1E FF 00
   77932.335 RX    30 80 80 1E 00
   77953.542 RX    26 00 26 00 26 00 26
   77964.161 RX    00 00 00
   77964.251 TX    80
   77985.660 RX    80 80 1C 03 82
   77995.871 RX    88 72 72 FF
   78016.405 RX    21 86 25 00
   78036.734 RX    80 01 00 00
   78046.938 RX    00 1D 81 24
   78067.303 RX    00 18 00 42 07
   78077.481 RX    AE 10 00 00
   78077.533 TX    7D
   78097.835 RX    7D 7D 21 40
   78108.131 RX    0A FF 91 00
   78128.492 RX    42 FF FF 01
   78148.992 RX    00 89 64 00
   78159.516 RX    04 1E FF 00
   78179.891 RX    30 80 80 08
   78190.076 RX    00 26 00 26 00 26 00
   78210.557 RX    26 00 00 00
   78210.608 TX    80
   78220.779 RX    80 80
   78241.138 RX    1C 03 82 88 72
   78261.488 RX    72 FF 20 86
   78271.660 RX    25 00 80 01
   78291.994 RX    00 00 00 1D
   78302.183 RX    81 24 00 0B
   78322.568 RX    00 44 07 AF 10
   78332.745 RX    00 00
   78332.804 TX    7D
   78353.171 RX    7D 7D 21 40
   78363.470 RX    0A FF 91 00
   78383.804 RX    41 FF FF 01
   78404.501 RX    00 89 64 00
   78415.040 RX    04 1E FF 00
   78436.369 RX    30 80 80 04
   78447.015 RX    00 26 00 26 00 26 00
   78467.961 RX    26 00 00 00
   78468.067 TX    80
   78478.774 RX    80 80
   78500.091 RX    1C 03 64 89 72
   78510.314 RX    72 FF 22 86
   78530.712 RX    25 00 80 01
   78540.893 RX    00 00 00 1D
   78561.303 RX    81 24 00 1A 00
   78571.489 RX    4A 07 B7 10
   78591.845 RX    00 00
   78591.904 TX    7D
   78612.449 RX    7D 7D 21
   78622.639 RX    40 0A FF 91
   78642.978 RX    00 40 FF FF
   78653.297 RX    01 00 89 64
   78673.729 RX    00 04 1E FF
   78684.017 RX    00 30 80 7F
   78704.506 RX    F5 00 26 00 26 00 26
   78724.930 RX    00 26 00 00 00
   78724.990 TX    80
   78735.184 RX    80 80
   78755.546 RX    1C 03 4B 8A 72
   78765.733 RX    72 FF 22 86
   78786.214 RX    25 00 80 01
   78796.445 RX    00 00 00 1D
   78816.803 RX    81 24 00 0B 00
   78837.159 RX    44 07 AF 10
   78847.320 RX    00 00
   78847.364 TX    7D
   78867.680 RX    7D 7D 21
   78878.202 RX    40 0A FF 91
   78899.332 RX    00 40 FF FF
   78909.725 RX    01 00 89 64
   78930.879 RX    00 04 1E FF
   78941.329 RX    00 30 80 80
   78962.362 RX    13 00 26 00 26 00
   78972.781 RX    26 00 26 00 00 00
   78972.882 TX    80
   78993.736 RX    80 80 1C
   79003.961 RX    03 86 8A 72 72
   79024.552 RX    FF 22 86 25
   79044.909 RX    00 80 01 00
   79055.127 RX    00 00 1D 81
   79075.506 RX    24 00 1E 00 41
   79085.744 RX    07 B0 10 00 00
   79085.804 TX    7D
   79106.242 RX    7D 7D 21
   79116.628 RX    40 0A FF 91
   79137.000 RX    00 3F FF FF
   79147.202 RX    01 00 89 64
   79167.523 RX    00 04 1E FF
   79187.890 RX    00 30 80 80 2B
   79198.085 RX    00 26 00 26 00 26 00
   79218.438 RX    26 00 00 00
   79218.489 TX    80
   79228.668 RX    80 80
   79249.010 RX    1C 03 79 8A 72
   79259.188 RX    72 FF 22 86
   79279.559 RX    25 00 80 01
   79299.919 RX    00 00 00 1D
   79310.101 RX    81 24 00 0E 00
   79330.519 RX    43 07 A9 10 00
   79340.774 RX    00
   79340.821 TX    7D
   79361.129 RX    7D 7D 21
   79371.315 RX    40 0A FF 91
   79391.696 RX    00 3E FF FF
   79412.086 RX    01 00 89 64
   79422.704 RX    00 04 1E FF
   79443.854 RX    00 30 80 80
   79454.382 RX    16 00 26 00 26 00 26
   79475.514 RX    00 26 00 00 00
   79475.624 TX    80
   79485.991 RX    80 80
   79507.417 RX    1C 03 81 8A 72
   79517.595 RX    72 FF 21 86
   79537.931 RX    25 00 80 01
   79548.111 RX    00 00 00 1D
   79568.459 RX    81 24 00 08 00
   79588.794 RX    44 07 AD 10 00
   79598.968 RX    00
   79599.017 TX    7D
   79619.309 RX    7D 7D 21
   79629.567 RX    40 0A FF 91
   79649.925 RX    00 3E FF FF
   79660.114 RX    01 00 89 64
   79680.479 RX    00 04 1E FF
   79700.823 RX    00 30 80 80
   79710.998 RX    0B 00 26 00 26 00 26
   79731.304 RX    00 26 00 00 00
   79731.351 TX    80
   79741.510 RX    80 80
   79761.858 RX    1C 03 78 8A 72
   79772.058 RX    72 FF 21 86
   79792.409 RX    25 00 80 01
   79812.747 RX    00 00 00 1D
   79822.922 RX    81 24 00 0A 00
   79843.266 RX    44 07 A3 10
   79853.454 RX    00 00
   79853.496 TX    7D
   79873.809 RX    7D 7D 21
   79884.004 RX    40 0A FF 91
   79904.512 RX    00 3D FF FF
   79924.878 RX    01 00 89 64
   79935.450 RX    00 04 1E FF
   79956.483 RX    00 30 80 7F FB
   79967.047 RX    00 26 00 26 00 26
   79988.213 RX    00 26 00 00 00
   79988.341 TX    80
   79998.749 RX    80 80
   80019.256 RX    1C 03 6C 8A 72
   80029.800 RX    72 FF 22 86
   80050.315 RX    25 00 80 01
   80060.511 RX    00 00 00 1D
   80080.888 RX    81 24 00 0C 00
   80091.070 RX    43 07 AE 10
   80111.566 RX    00 00
   80111.616 TX    7D
   80131.930 RX    7D 7D 21
   80142.113 RX    40 0A FF 91
   80162.468 RX    00 3C FF
   80172.653 RX    FF 01 00 89
   80193.016 RX    64 00 04 1E
   80203.205 RX    FF 00 30 80
   80223.571 RX    80 0A 00 26 00 26 00
   80244.003 RX    26 00 26 00 00 00
   80244.052 TX    80
   80254.228 RX    80 80
   80274.584 RX    1C 03 74 8A
   80284.768 RX    72 72 FF 22
   80305.112 RX    86 25 00 80
   80315.310 RX    01 00 00 00
   80335.793 RX    1D 81 24 00 12
   80356.298 RX    00 44 07 AE 10
   80366.829 RX    00 00
   80366.916 TX    7D
   80388.121 RX    7D 7D 21 40
   80399.123 RX    0A FF 91
   80420.213 RX    00 3C FF FF
   80430.913 RX    01 00 89 64
   80452.167 RX    00 04 1E FF
   80462.782 RX    00 30 80 80 28
   80484.025 RX    00 26 00 26 00 26 00
   80494.486 RX    26 00 00 00
   80494.566 TX    80
   80515.036 RX    80 80 1C
   80525.323 RX    03 9A 8A 72 72 FF
   80545.842 RX    21 86 25 00
   80556.030 RX    80 01 00 00
   80576.390 RX    00 1D 81
   80596.744 RX    24 00 13 00 43
   80606.921 RX    07 A8 10 00 00
   80606.968 TX    7D
   80627.309 RX    7D 7D 21
   80637.530 RX    40 0A FF 91
   80657.869 RX    00 3C FF FF
   80668.044 RX    01 00 89 64
   80688.379 RX    00 04 1E FF
   80708.712 RX    00 30 80 80 25
   80718.890 RX    00 26 00 26 00 26 00
   80739.458 RX    26 00 00 00
   80739.510 TX    80
   80749.822 RX    80 80
   80770.265 RX    1C 03 8F 8A 72
   80780.454 RX    72 FF 20 86
   80800.957 RX    25 00 80 01
   80811.300 RX    00 00 00 1D
   80831.672 RX    81 24 00 16 00
   80852.063 RX    42 07 B0 10 00
   80862.267 RX    00
   80862.325 TX    7D
   80883.013 RX    7D 7D 21
   80893.495 RX    40 0A FF 91
   80914.406 RX    00 3B FF FF
   80924.699 RX    01 00 89 64
   80945.457 RX    00 04 1E FF
   80956.054 RX    00 30 80 80 23
   80977.348 RX    00 26 00 26 00 26 00
   80987.967 RX    26 00 00 00
   80988.067 TX    80
   81009.413 RX    80 80 1C 03
   81019.668 RX    87 8A 72 72 FF
   81040.038 RX    21 86 25 00
   81060.495 RX    80 01 00 00
   81070.692 RX    00 1D 81 24
   81091.140 RX    00 1D 00 41 07 B0
   81101.428 RX    10 00 00
   81101.477 TX    7D
   81121.795 RX    7D 7D 21 40
   81131.998 RX    0A FF 91 00
   81152.337 RX    3B FF FF 01
   81172.727 RX    00 89 64 00
   81182.918 RX    04 1E FF 00
   81203.316 RX    30 80 80 1F 00
   81213.522 RX    26 00 26 00 26 00 26 00
   81233.862 RX    00 00
   81233.937 TX    80
   81244.118 RX    80 80 1C
   81264.470 RX    03 66 8A 72
   81274.634 RX    72 FF 22 86
   81294.978 RX    25 00 80 01
   81315.506 RX    00 00 00 1D
   81325.672 RX    81 24 00 0B 00
   81346.008 RX    44 07 A0 10 00
   81356.185 RX    00
   81356.229 TX    7D
   81376.612 RX    7D 7D 21 40
   81386.895 RX    0A FF 91 00
   81407.363 RX    3A FF FF
   81428.155 RX    01 00 89 64
   81438.462 RX    00 04 1E FF
   81459.513 RX    00 30 80 80 18
   81470.145 RX    00 26 00 26 00 26
   81491.309 RX    00 26 00 00 00
   81491.427 TX    80
   81501.793 RX    80 80
   81523.454 RX    1C 03 86 8A 72
   81533.659 RX    72 FF 22 86
   81554.153 RX    25 00 80 01
   81564.514 RX    00 00 00 1D
   81584.847 RX    81 24 00 22 00
   81595.122 RX    40 07 A4 10 00
   81615.728 RX    00
   81615.784 TX    7D
   81636.109 RX    7D 7D 21
   81646.434 RX    40 0A FF 91
   81666.967 RX    00 39 FF
   81677.165 RX    FF 01 00 89
   81697.488 RX    64 00 04 1E
   81707.661 RX    FF 00 30 80
   81728.018 RX    80 1A 00 26 00 26 00
   81748.642 RX    26 00 26 00 00 00
   81748.691 TX    80
   81758.847 RX    80 80
   81779.219 RX    1C 03 7C 8A 72
   81789.380 RX    72 FF 21 86
   81809.724 RX    25 00 80 01
   81819.916 RX    00 00 00 1D
   81840.266 RX    81 24 00 0B
   81850.480 RX    00 44 07 AB 10
   81870.854 RX    00 00
   81870.906 TX    7D
   81891.237 RX    7D 7D 21
   81901.437 RX    40 0A FF 91
   81921.833 RX    00 39 FF FF
   81932.150 RX    01 00 89 64
   81952.765 RX    00 04 1E
   81963.400 RX    FF 00 30 80
   81984.349 RX    7F FC 00 26 00 26 00
   81995.170 RX    26 00 26 00 00 00
   81995.261 TX    80
   82015.951 RX    80 80 1C 03 64
   82036.452 RX    8A 72 72 FF
   82046.645 RX    21 86 25 00
   82067.001 RX    80 01 00 00
   82077.194 RX    00 1D 81
   82097.554 RX    24 00 06 00 44
   82107.729 RX    07 A2 10 00 00
   82107.778 TX    7D
   82128.256 RX    7D 7D 21 40
   82138.535 RX    0A FF 91 00
   82158.893 RX    38 FF FF 01
   82179.297 RX    00 89 64 00
   82189.506 RX    04 1E FF 00
   82209.874 RX    30 80 80 0E
   82220.229 RX    00 26 00 26 00 26 00
   82240.770 RX    26 00 00 00
   82240.821 TX    80
   82250.989 RX    80 80 1C
   82271.315 RX    03 7D 8A 72 72
   82291.656 RX    FF 22 86 25
   82301.833 RX    00 80 01 00
   82322.171 RX    00 00 1D
   82332.309 RX    81 24 00 14 00
   82352.771 RX    43 07 A8 10 00
   82363.086 RX    00
   82363.129 TX    7D
   82383.487 RX    7D 7D 21 40
   82403.840 RX    0A FF 91 00
   82414.117 RX    38 FF FF 01
   82434.519 RX    00 89 64 00
   82445.061 RX    04 1E FF 00
   82466.382 RX    30 80 80 2B 00
   82476.964 RX    26 00 26 00 26 00 26 00
   82498.257 RX    00 00
   82498.530 TX    80
   82509.361 RX    80 80
   82530.217 RX    1C 03 93 8A 72
   82540.581 RX    72 FF 22 86
   82561.033 RX    25 00 80 01 00
   82571.326 RX    00 00 1D
   82591.704 RX    81 24 00 1D 00
   82612.096 RX    41 07 B4 10 00
   82622.444 RX    00
   82622.506 TX    7D
   82643.012 RX    7D 7D 21
   82653.253 RX    40 0A FF 91
   82673.808 RX    00 37 FF FF
   82684.115 RX    01 00 89 64
   82704.488 RX    00 04 1E FF
   82714.677 RX    00 30 80 80 29
   82735.029 RX    00 26 00 26 00 26 00
   82755.930 RX    26 00 00 00
   82755.981 TX    80
   82766.135 RX    80 80
   82786.407 RX    1C 03 8E 8A
   82796.606 RX    72 72 FF 22 86
   82817.187 RX    25 00 80 01
   82827.379 RX    00 00 00 1D
   82847.752 RX    81 24 00 17
   82868.297 RX    00 43 07 A0 10
   82878.536 RX    00 00
   82878.582 TX    7D
   82899.256 RX    7D 7D 21
   82909.917 RX    40 0A FF 91
   82931.026 RX    00 37 FF FF
   82941.454 RX    01 00 89 64
   82962.859 RX    00 04 1E FF
   82973.256 RX    00 30 80 80
   82994.210 RX    20 00 26 00 26 00 26
   83004.745 RX    00 26 00 00 00
   83004.855 TX    80
   83025.543 RX    80 80 1C
   83036.031 RX    03 80 8A 72 72
   83056.516 RX    FF 21 86 25
   83066.736 RX    00 80 01 00
   83087.112 RX    00 00 1D 81
   83107.593 RX    24 00 19 00 42
   83117.945 RX    07 AE 10 00 00
   83117.998 TX    7D
   83138.519 RX    7D 7D 21
   83148.715 RX    40 0A FF 91
   83169.065 RX    00 36 FF FF
   83179.291 RX    01 00 89 64
   83199.800 RX    00 04 1E FF 00
   83220.179 RX    30 80 80 2E
   83230.373 RX    00 26 00 26 00 26 00 26
   83250.812 RX    00 00 00
   83250.860 TX    80
   83261.044 RX    80 80
   83281.391 RX    1C 03 8C 8A 72
   83291.593 RX    72 FF 20 86
   83311.968 RX    25 00 80 01
   83322.229 RX    00 00 00 1D
   83342.572 RX    81 24 00 13 00
   83362.909 RX    43 07 C1 10
   83373.139 RX    00 00
   83373.209 TX    7D
   83393.669 RX    7D 7D 21
   83403.969 RX    40 0A FF 91
   83424.597 RX    00 36 FF FF
   83435.326 RX    01 00 89 64
   83455.755 RX    00 04 1E FF
   83476.106 RX    00 30 80 80
   83486.316 RX    13 00 26 00 26 00 26
   83506.698 RX    00 26 00 00 00
   83506.746 TX    80
   83516.923 RX    80 80 1C
   83537.973 RX    03 7F 8A 72
   83548.208 RX    72 FF 20 86
   83568.588 RX    25 00 80 01
   83578.774 RX    00 00 00 1D
   83599.251 RX    81 24 00 20 00
   83619.702 RX    40 07 A2 10 00
   83629.914 RX    00
   83629.964 TX    7D
   83650.427 RX    7D 7D 21
   83660.616 RX    40 0A FF 91
   83681.016 RX    00 36 FF FF
   83691.227 RX    01 00 89 64
   83711.606 RX    00 04 1E FF
   83732.068 RX    00 30 80
   83742.365 RX    80 10 00 26 00 26 00
   83762.734 RX    26 00 26 00 00 00
   83762.781 TX    80
   83772.972 RX    80 80
   83793.467 RX    1C 03 66 8A 72
   83803.666 RX    72 FF 22
   83824.043 RX    86 25 00 80
   83834.255 RX    01 00 00 00
   83854.618 RX    1D 81 24 00 01
   83874.984 RX    00 44 07 AF 10
   83885.182 RX    00 00
   83885.225 TX    7D
   83905.698 RX    7D 7D 21 40
   83915.888 RX    0A FF 91
   83936.472 RX    00 36 FF FF
   83946.718 RX    01 00 89 64
   83967.531 RX    00 04 1E FF
   83978.157 RX    00 30 80 7F
   83999.133 RX    F5 00 26 00 26 00
   84020.063 RX    26 00 26 00 00 00
   84020.155 TX    80
   84030.501 RX    80 80
   84050.849 RX    1C 03 64 8A 72
   84061.146 RX    72 FF 22 86
   84081.608 RX    25 00 80
   84091.836 RX    01 00 00 00
   84112.319 RX    1D 81 24 00 11
   84122.501 RX    00 43 07 A0 10
   84142.839 RX    00 00
   84142.893 TX    7D
   84163.318 RX    7D 7D 21
   84173.497 RX    40 0A FF 91
   84193.846 RX    00 35 FF
   84204.058 RX    FF 01 00 89
   84224.378 RX    64 00 04 1E
   84234.549 RX    FF 00 30 80
   84254.885 RX    80 02 00 26 00 26
   84275.312 RX    00 26 00 26 00 00 00
   84275.359 TX    80
   84285.518 RX    80 80
   84305.874 RX    1C 03 7B 8A 72
   84316.058 RX    72 FF 21 86
   84336.408 RX    25 00 80 01
   84346.592 RX    00 00 00
   84367.068 RX    1D 81 24 00 11
   84387.422 RX    00 47 07 B1 10
   84397.604 RX    00 00
   84397.647 TX    7D
   84418.009 RX    7D 7D 21
   84428.197 RX    40 0A FF 91
   84448.945 RX    00 35 FF
   84459.579 RX    FF 01 00 89
   84480.594 RX    64 00 04 1E
   84491.110 RX    FF 00 30 80
   84512.367 RX    80 16 00 26 00 26
   84522.702 RX    00 26 00 26 00 00
   84543.259 RX    00
   84543.341 TX    80
   84563.795 RX    80 80
   84574.026 RX    1C 03 84 8A 72
   84594.447 RX    72 FF 22 86
   84604.657 RX    25 00 80 01
   84625.094 RX    00 00 00 1D
   84635.327 RX    81 24 00 19 00
   84655.726 RX    42 07 AB 10 00
   84665.941 RX    00
   84665.990 TX    7D
   84686.330 RX    7D 7D 21 40
   84706.698 RX    0A FF 91 00
   84716.912 RX    34 FF FF 01
   84737.312 RX    00 89 64 00
   84747.496 RX    04 1E FF 00
   84767.857 RX    30 80 80 21 00
   84778.052 RX    26 00 26 00 26 00
   84798.570 RX    26 00 00 00
   84798.623 TX    80
   84819.061 RX    80 80 1C
   84829.393 RX    03 96 8A 72 72
   84849.801 RX    FF 22 86 25
   84860.055 RX    00 80 01 00
   84880.549 RX    00 00 1D 81
   84890.789 RX    24 00 13 00 43
   84911.181 RX    07 AA 10 00 00
   84911.225 TX    7D
   84931.579 RX    7D 7D 21
   84941.850 RX    40 0A FF 91
   84963.347 RX    00 33 FF FF
   84974.019 RX    01 00 89 64
   84995.239 RX    00 04 1E FF
   85005.913 RX    00 30 80 80
   85026.814 RX    0B 00 26 00 26 00
   85037.342 RX    26 00 26 00 00 00
   85037.632 TX    80
   85058.160 RX    80 80 1C
   85068.378 RX    03 72 8B 72 72
   85088.730 RX    FF 21 86 25
   85098.928 RX    00 80 01 00
   85119.334 RX    00 00 1D 81
   85139.739 RX    24 00 0A 00
   85150.016 RX    44 07 AD 10 00
   85170.474 RX    00
   85170.521 TX    7D
   85180.733 RX    7D 7D
   85201.076 RX    21 40 0A FF
   85211.271 RX    91 00 33 FF
   85231.646 RX    FF 01 00 89
   85241.823 RX    64 00 04 1E
   85262.202 RX    FF 00 30
   85282.565 RX    80 80 04 00 26 00
   85292.740 RX    26 00 26 00 26 00 00
   85313.111 RX    00
   85313.156 TX    80
   85323.333 RX    80 80
   85343.712 RX    1C 03 77 8B 72
   85353.892 RX    72 FF 21 86
   85374.438 RX    25 00 80
   85394.888 RX    01 00 00 00
   85405.209 RX    1D 81 24 00 1B
   85425.590 RX    00 42 07 9D 10
   85435.780 RX    00 00
   85435.879 TX    7D
   85456.763 RX    7D 7D 21
   85467.312 RX    40 0A FF 91
   85488.228 RX    00 33 FF FF
   85498.889 RX    01 00 89 64
   85519.670 RX    00 04 1E FF
   85530.023 RX    00 30 80 80 19
   85551.559 RX    00 26 00 26 00 26 00
   85561.808 RX    26 00 00 00
   85561.857 TX    80
   85582.500 RX    80 80 1C 03 8C
   85602.876 RX    8B 72 72 FF
   85613.237 RX    20 86 25 00
   85633.560 RX    80 01 00 00
   85643.743 RX    00 1D 81 24
   85664.229 RX    00 15 00 43 07 AD
   85674.462 RX    10 00 00
   85674.512 TX    7D
   85694.839 RX    7D 7D 21 40
   85715.303 RX    0A FF 91 00
   85725.476 RX    32 FF FF 01
   85745.836 RX    00 89 64 00
   85756.082 RX    04 1E FF 00
   85776.555 RX    30 80 80 1C 00
   85786.741 RX    26 00 26 00 26 00 26 00
   85807.120 RX    00 00
   85807.171 TX    80
   85817.537 RX    80 80 1C
   85837.922 RX    03 81 8B 72 72
   85858.384 RX    FF 21 86 25
   85868.574 RX    00 80 01
   85888.924 RX    00 00 00 1D 81
   85899.223 RX    24 00 2A 00
   85919.551 RX    41 07 AD 10 00 00
   85919.598 TX    7D
   85929.806 RX    7D 7D
   85950.336 RX    21 40 0A FF
   85971.107 RX    91 00 32 FF
   85981.834 RX    FF 01 00 89
   86003.146 RX    64 00 04 1E
   86013.798 RX    FF 00 30 80
   86034.759 RX    80 13 00 26 00
   86045.346 RX    26 00 26 00 26 00 00
   86066.210 RX    00
   86066.286 TX    80
   86076.486 RX    80 80
   86096.877 RX    1C 03 85 8B 72
   86107.098 RX    72 FF 21 86
   86127.485 RX    25 00 80 01
   86137.667 RX    00 00 00 1D
   86158.104 RX    81 24 00 2A 00
   86178.580 RX    3E 07 A5 10 00
   86188.800 RX    00
   86188.855 TX    7D
   86209.164 RX    7D 7D 21
   86219.406 RX    40 0A FF 91
   86239.773 RX    00 31 FF FF
   86249.955 RX    01 00 89 64
   86270.321 RX    00 04 1E FF
   86290.743 RX    00 30 80 80 18
   86300.930 RX    00 26 00 26 00 26 00
   86321.516 RX    26 00 00 00
   86321.580 TX    80
   86331.907 RX    80 80
   86352.365 RX    1C 03 8E 8B 72
   86362.508 RX    72 FF 21 86
   86383.700 RX    25 00 80 01
   86394.091 RX    00 00 00 1D
   86414.628 RX    81 24 00 28 00
   86435.023 RX    3E 07 AD 10 00
   86445.593 RX    00
   86445.736 TX    7D
   86466.696 RX    7D 7D 21
   86476.932 RX    40 0A FF 91
   86497.732 RX    00 31 FF FF
   86508.365 RX    01 00 89 64
   86529.588 RX    00 04 1E
   86540.376 RX    FF 00 30 80
   86561.772 RX    80 12 00 26 00 26 00
   86572.051 RX    26 00 26 00 00 00
   86572.124 TX    80
   86592.575 RX    80 80 1C 03
   86602.769 RX    75 8B 72 72 FF
   86623.247 RX    20 86 25
   86633.517 RX    00 80 01 00
   86653.890 RX    00 00 1D 81
   86674.270 RX    24 00 16 00 43
   86684.487 RX    07 AB 10 00 00
   86684.532 TX    7D
   86704.897 RX    7D 7D 21 40
   86715.092 RX    0A FF 91 00
   86735.484 RX    30 FF FF
   86745.671 RX    01 00 89 64
   86766.141 RX    00 04 1E FF
   86786.591 RX    00 30 80 80 12
   86796.781 RX    00 26 00 26 00 26
   86817.154 RX    00 26 00 00 00
   86817.198 TX    80
   86827.382 RX    80 80
   86847.755 RX    1C 03 87 8B 72 72
   86857.953 RX    FF 22 86
   86878.542 RX    25 00 80 01
   86898.953 RX    00 00 00 1D
   86909.222 RX    81 24 00 0B 00
   86929.795 RX    44 07 A3 10 00
   86939.997 RX    00
   86940.041 TX    7D
   86961.055 RX    7D 7D 21 40
   86971.716 RX    0A FF 91 00
   86992.924 RX    30 FF FF
   87003.495 RX    01 00 89 64
   87024.598 RX    00 04 1E FF
   87034.943 RX    00 30 80 7F FC
   87056.058 RX    00 26 00 26 00 26 00
   87066.698 RX    26 00 00 00
   87066.804 TX    80
   87087.290 RX    80 80 1C 03
   87097.701 RX    74 8B 72 72
   87118.041 RX    FF 21 86 25
   87138.427 RX    00 80 01 00
   87148.615 RX    00 00 1D 81
   87168.972 RX    24 00 0C 00 43
   87179.289 RX    07 AB 10 00 00
   87179.338 TX    7D
   87199.676 RX    7D 7D 21
   87209.846 RX    40 0A FF 91
   87230.214 RX    00 2F FF FF
   87250.552 RX    01 00 89 64
   87260.735 RX    00 04 1E FF
   87281.118 RX    00 30 80 80 0C
   87291.374 RX    00 26 00 26 00 26 00
   87311.727 RX    26 00 00 00
   87311.775 TX    80
   87321.927 RX    80 80 1C
   87342.366 RX    03 77 8B 72
   87362.713 RX    72 FF 21 86
   87372.893 RX    25 00 80 01
   87393.571 RX    00 00 00 1D
   87403.853 RX    81 24 00 21 00
   87424.339 RX    3E 07 A7 10 00
   87434.659 RX    00
   87434.745 TX    7D
   87455.587 RX    7D 7D 21 40
   87466.494 RX    0A FF 91 00
   87487.624 RX    2F FF FF 01
   87498.042 RX    00 89 64 00
   87519.143 RX    04 1E FF 00
   87529.737 RX    30 80 80 1E 00
   87550.505 RX    26 00 26 00 26 00 26 00
   87561.285 RX    00 00
   87561.373 TX    80
   87582.097 RX    80 80 1C 03 68
   87602.478 RX    8B 72 72 FF
   87612.671 RX    22 86 25 00
   87633.102 RX    80 01 00
   87643.303 RX    00 00 1D 81
   87663.827 RX    24 00 02 00 44
   87674.002 RX    07 9F 10 00 00
   87674.048 TX    7D
   87694.502 RX    7D 7D 21 40
   87714.949 RX    0A FF 91 00
   87725.216 RX    2F FF FF 01
   87745.727 RX    00 89 64
   87755.921 RX    00 04 1E FF
   87776.258 RX    00 30 80 7F FD
   87786.442 RX    00 26 00 26 00 26 00
   87806.777 RX    26 00 00 00
   87806.824 TX    80
   87816.988 RX    80 80 1C
   87837.462 RX    03 6F 8B 72 72
   87857.807 RX    FF 22 86 25
   87867.989 RX    00 80 01
   87888.414 RX    00 00 00 1D
   87898.628 RX    81 24 00 13 00
   87919.084 RX    43 07 A4 10 00
   87929.405 RX    00
   87929.455 TX    7D
   87949.914 RX    7D 7D 21 40
   87970.869 RX    0A FF 91 00
   87981.553 RX    2F FF FF 01
   88002.558 RX    00 89 64 00
   88013.211 RX    04 1E FF
   88034.019 RX    00 30 80 80 23
   88044.430 RX    00 26 00 26 00 26 00
   88065.369 RX    26 00 00 00
   88065.466 TX    80
   88075.786 RX    80 80
   88096.255 RX    1C 03 88 8B 72
   88106.648 RX    72 FF 21 86
   88127.092 RX    25 00 80 01
   88137.419 RX    00 00 00 1D
   88157.785 RX    81 24 00 15 00
   88178.164 RX    43 07 A7 10 00
   88188.324 RX    00
   88188.382 TX    7D
   88208.672 RX    7D 7D 21 40
   88218.840 RX    0A FF 91
   88239.282 RX    00 2F FF FF
   88249.523 RX    01 00 89 64
   88269.896 RX    00 04 1E FF
   88290.404 RX    00 30 80 80 1D
   88300.599 RX    00 26 00 26 00 26 00
   88321.062 RX    26 00 00 00
   88321.112 TX    80
   88331.296 RX    80 80
   88351.754 RX    1C 03 7D 8B 72
   88361.970 RX    72 FF 21 86
   88382.299 RX    25 00 80 01
   88402.640 RX    00 00 00 1D
   88412.820 RX    81 24 00 03
   88433.152 RX    00 44 07 A4 10
   88443.440 RX    00 00
   88443.483 TX    7D
   88464.166 RX    7D 7D 21 40
   88474.540 RX    0A FF 91 00
   88495.590 RX    2E FF FF 01
   88506.198 RX    00 89 64
   88526.778 RX    00 04 1E FF
   88537.256 RX    00 30 80 80 10
   88558.830 RX    00 26 00 26 00 26 00
   88569.173 RX    26 00 00 00
   88569.295 TX    80
   88590.350 RX    80 80 1C 03
   88610.769 RX    7D 8B 72 72
   88620.970 RX    FF 22 86 25
   88641.361 RX    00 80 01 00
   88651.913 RX    00 00 1D 81
   88672.331 RX    24 00 11 00 43
   88682.627 RX    07 AD 10 00 00
   88682.683 TX    7D
   88703.035 RX    7D 7D 21 40
   88713.243 RX    0A FF 91
   88733.722 RX    00 2E FF FF
   88754.090 RX    01 00 89 64
   88764.296 RX    00 04 1E FF
   88784.628 RX    00 30 80 80 1A
   88794.806 RX    00 26 00 26 00 26 00
   88815.194 RX    26 00 00 00
   88815.260 TX    80
   88825.580 RX    80 80 1C
   88845.950 RX    03 86 8B 72 72
   88866.315 RX    FF 21 86 25
   88876.495 RX    00 80 01
   88896.855 RX    00 00 00 1D
   88907.180 RX    81 24 00 16 00
   88927.541 RX    43 07 B0 10 00
   88937.717 RX    00
   88937.768 TX    7D
   88958.233 RX    7D 7D 21 40
   88979.115 RX    0A FF 91 00
   88989.783 RX    2D FF FF 01
   89010.953 RX    00 89 64
   89021.464 RX    00 04 1E FF
   89042.448 RX    00 30 80 80 0A
   89053.018 RX    00 26 00 26 00 26 00
   89073.915 RX    26 00 00 00
   89074.013 TX    80
   89084.851 RX    80 80
   89105.575 RX    1C 03 75 8B 72
   89115.789 RX    72 FF 21
   89136.254 RX    86 25 00 80
   89146.453 RX    01 00 00 00
   89166.804 RX    1D 81 24 00 18
   89177.008 RX    00 42 07 9F 10
   89197.481 RX    00 00
   89197.538 TX    7D
   89217.836 RX    7D 7D 21
   89228.026 RX    40 0A FF 91
   89248.612 RX    00 2D FF FF
   89258.781 RX    01 00 89 64
   89279.123 RX    00 04 1E FF
   89289.301 RX    00 30 80 80 21
   89309.855 RX    00 26 00 26 00 26 00
   89330.207 RX    26 00 00 00
   89330.256 TX    80
   89340.373 RX    80 80
   89360.851 RX    1C 03 7F 8B
   89371.122 RX    72 72 FF 22
   89391.570 RX    86 25 00 80
   89401.786 RX    01 00 00 00
   89422.731 RX    1D 81 24 00 13
   89433.211 RX    00 43 07 A7 10
   89453.694 RX    00 00
   89453.756 TX    7D
   89474.125 RX    7D 7D 21
   89484.538 RX    40 0A FF 91
   89505.134 RX    00 2D FF FF
   89515.404 RX    01 00 89 64
   89536.047 RX    00 04 1E FF
   89546.350 RX    00 30 80 80 26
   89566.841 RX    00 26 00 26 00 26 00
   89577.155 RX    26 00 00 00
   89577.248 TX    80
   89597.990 RX    80 80 1C 03 8D
   89618.678 RX    8B 72 72 FF
   89628.859 RX    21 86 25 00
   89649.512 RX    80 01 00 00
   89659.703 RX    00 1D 81 24
   89680.063 RX    00 2F 00 3C 07 AD
   89690.254 RX    10 00 00
   89690.310 TX    7D
   89710.683 RX    7D 7D 21 40
   89720.873 RX    0A FF 91 00
   89741.316 RX    2C FF FF 01
   89761.694 RX    00 89 64 00
   89771.872 RX    04 1E FF 00
   89792.255 RX    30 80 80 24 00
   89802.478 RX    26 00 26 00 26 00 26 00
   89822.831 RX    00 00
   89822.876 TX    80
   89833.050 RX    80 80 1C
   89853.426 RX    03 81 8B 72 72
   89873.776 RX    FF 20 86 25
   89883.967 RX    00 80 01
   89904.656 RX    00 00 00 1D 81
   89914.851 RX    24 00 20 00
   89935.382 RX    43 07 AA 10 00
   89945.574 RX    00
   89945.621 TX    7D
   89966.013 RX    7D 7D 21 40
   89986.970 RX    0A FF 91 00
   89997.740 RX    2C FF FF 01
   90018.708 RX    00 89 64 00
   90029.314 RX    04 1E FF
   90050.308 RX    00 30 80 80 12
   90060.839 RX    00 26 00 26 00 26 00
   90082.160 RX    26 00 00 00
   90082.261 TX    80
   90092.940 RX    80 80
   90114.410 RX    1C 03 75 8B 72
   90124.600 RX    72 FF 21 86
   90144.996 RX    25 00 80
   90155.181 RX    01 00 00 00
   90175.545 RX    1D 81 24 00 14
   90185.736 RX    00 43 07 A4 10
   90206.106 RX    00 00
   90206.156 TX    7D
   90216.318 RX    7D 7D 21
   90236.670 RX    40 0A FF 91
   90257.030 RX    00 2C FF FF
   90267.228 RX    01 00 89 64
   90287.669 RX    00 04 1E FF
   90297.901 RX    00 30 80 80 23
   90318.255 RX    00 26 00 26 00 26 00
   90328.486 RX    26 00 00 00
   90328.533 TX    80
   90348.853 RX    80 80 1C 03 90
   90369.212 RX    8B 72 72 FF
   90379.402 RX    22 86 25 00
   90399.735 RX    80 01 00 00
   90409.898 RX    00 1D 81 24
   90430.307 RX    00 30 00 3C 07 B1
   90440.477 RX    10 00 00
   90440.520 TX    7D
   90460.832 RX    7D 7D 21 40
   90481.218 RX    0A FF 91 00
   90491.490 RX    2B FF FF
   90512.634 RX    01 00 89 64
   90523.100 RX    00 04 1E FF
   90543.923 RX    00 30 80 7F F2
   90554.267 RX    00 26 00 26 00 26 00
   90574.792 RX    26 00 00 00
   90574.853 TX    80
   90585.032 RX    80 80 1C
   90606.019 RX    03 81 8B 72 72
   90616.250 RX    FF 22 86
   90636.635 RX    25 00 80 01
   90657.025 RX    00 00 00 1D
   90667.217 RX    81 24 00 1C 00
   90687.696 RX    41 07 A6 10 00
   90697.895 RX    00
   90697.941 TX    7D
   90718.258 RX    7D 7D 21 40
   90728.510 RX    0A FF 91 00
   90748.846 RX    2B FF FF 01
   90769.213 RX    00 89 64 00
   90779.389 RX    04 1E FF
   90799.831 RX    00 30 80 80 21 00
   90810.016 RX    26 00 26 00 26 00
   90830.756 RX    26 00 00 00
   90830.808 TX    80
   90840.995 RX    80 80
   90861.323 RX    1C 03 96 8B 72
   90881.786 RX    72 FF 20 86
   90891.986 RX    25 00 80 01 00
   90912.394 RX    00 00 1D
   90922.673 RX    81 24 00 0D 00
   90943.045 RX    43 07 A4 10 00
   90953.236 RX    00
   90953.288 TX    7D
   90973.644 RX    7D 7D 21 40
   90994.077 RX    0A FF 91 00
   91004.602 RX    2A FF FF 01
   91025.613 RX    00 89 64 00
   91036.226 RX    04 1E FF
   91056.912 RX    00 30 80 80 1B
   91067.488 RX    00 26 00 26 00 26 00
   91088.500 RX    26 00 00 00
   91088.612 TX    80
   91099.314 RX    80 80
   91120.140 RX    1C 03 8F 8B 72
   91130.386 RX    72 FF 21 86
   91150.837 RX    25 00 80 01
   91161.027 RX    00 00 00 1D
   91181.516 RX    81 24 00 0D 00
   91201.861 RX    44 07 AA 10 00
   91212.058 RX    00
   91212.109 TX    7D
   91232.441 RX    7D 7D 21 40
   91242.625 RX    0A FF 91
   91262.981 RX    00 2A FF FF
   91273.149 RX    01 00 89 64
   91293.643 RX    00 04 1E FF
   91313.999 RX    00 30 80 80 12
   91324.177 RX    00 26 00 26 00 26
   91344.698 RX    00 26 00 00 00
   91344.745 TX    80
   91354.933 RX    80 80
   91375.327 RX    1C 03 82 8B 72
   91385.572 RX    72 FF 22 86
   91405.928 RX    25 00 80 01
   91416.251 RX    00 00 00
   91436.607 RX    1D 81 24 00 11
   91456.948 RX    00 43 07 A5 10
   91467.149 RX    00 00
   91467.203 TX    7D
   91487.591 RX    7D 7D 21
   91497.850 RX    40 0A FF 91
   91519.114 RX    00 29 FF FF
   91529.513 RX    01 00 89 64
   91550.340 RX    00 04 1E FF
   91560.551 RX    00 30 80 80
   91581.394 RX    21 00 26 00 26 00
   91592.226 RX    26 00 26 00 00 00
   91592.370 TX    80
   91613.619 RX    80 80 1C 03 8E
   91634.141 RX    8C 72 72 FF
   91644.326 RX    21 86 25 00
   91664.679 RX    80 01 00 00
   91674.923 RX    00 1D 81 24
   91695.411 RX    00 27 00 42 07
   91705.597 RX    A5 10 00 00
   91705.647 TX    7D
   91726.068 RX    7D 7D 21 40
   91736.265 RX    0A FF 91 00
   91756.630 RX    29 FF FF 01
   91777.125 RX    00 89 64 00
   91787.318 RX    04 1E FF 00
   91807.674 RX    30 80 80 24 00
   91817.863 RX    26 00 26 00 26 00 26
   91838.441 RX    00 00 00
   91838.485 TX    80
   91848.658 RX    80 80
   91869.032 RX    1C 03 82 8C 72
   91889.499 RX    72 FF 21 86
   91899.684 RX    25 00 80 01
   91920.186 RX    00 00 00 1D
   91930.483 RX    81 24 00 18
   91950.847 RX    00 42 07 A4 10
   91961.114 RX    00 00
   91961.168 TX    7D
   91981.659 RX    7D 7D 21 40
   91991.847 RX    0A FF 91
   92012.567 RX    00 29 FF FF
   92033.405 RX    01 00 89 64
   92044.018 RX    00 04 1E FF
   92065.034 RX    00 30 80
   92075.796 RX    80 1E 00 26 00 26 00
   92096.818 RX    26 00 26 00 00 00
   92096.916 TX    80
   92107.315 RX    80 80
   92128.072 RX    1C 03 87 8C 72
   92138.440 RX    72 FF 21 86
   92158.872 RX    25 00 80 01
   92169.102 RX    00 00 00 1D
   92189.696 RX    81 24 00 29 00
   92199.928 RX    3E 07 A7 10
   92220.323 RX    00 00
   92220.394 TX    7D
   92240.945 RX    7D 7D 21
   92251.180 RX    40 0A FF 91
   92271.672 RX    00 28 FF FF
   92282.026 RX    01 00 89 64
   92302.563 RX    00 04 1E FF
   92312.814 RX    00 30 80 80
   92333.415 RX    29 00 26 00 26 00 26
   92353.805 RX    00 26 00 00 00
   92353.862 TX    80
   92364.058 RX    80
   92384.674 RX    80 1C 03 86 8C
   92394.906 RX    72 72 FF 21
   92415.604 RX    86 25 00 80
   92425.818 RX    01 00 00 00
   92446.197 RX    1D 81 24
   92456.395 RX    00 17 00 43 07 68
   92476.785 RX    10 00 01
   92476.834 TX    7D
   92497.203 RX    7D 7D 21
   92507.382 RX    00 0A FF 91
   92529.021 RX    00 28 FF FF
   92539.691 RX    01 00 89 64
   92560.416 RX    00 04 1E FF 00
   92570.989 RX    30 80 7F D6 00
   92591.680 RX    26 00 26 00 26 00 26 00
   92602.491 RX    00 00
   92602.613 TX    80
   92623.566 RX    80 80 1C 03
   92633.801 RX    10 8C 72 72 FF
   92654.418 RX    21 87 25 00
   92664.599 RX    80 01 00 00
   92684.944 RX    00 1D 81 09 00
   92705.321 RX    C3 00 44 07 68 10
   92715.515 RX    00 01
   92715.568 TX    7D
   92735.893 RX    7D 7D 21 00
   92746.084 RX    0A FF 91 00
   92766.491 RX    28 FF FF 01
   92776.670 RX    00 89 64 00 04
   92797.050 RX    1E FF 00 30
   92817.407 RX    80 7E BF 00 26 00 26
   92827.589 RX    00 26 00 26 00 00 00
   92827.633 TX    80
   92847.960 RX    80 80 1C
   92858.154 RX    01 E4 8C 72 72 FF
   92878.486 RX    25 86 25 00
   92888.684 RX    80 01 00 00
   92909.168 RX    00 1D 81 00 01
   92929.635 RX    D5 00 44 07 68 10
   92939.807 RX    00 01
   92939.846 TX    7D
   92960.494 RX    7D 7D 21
   92970.712 RX    00 0A FF 91
   92991.039 RX    00 28 FF FF 01
   93001.321 RX    00 89 64 00
   93022.349 RX    04 1E FF 00 30
   93033.150 RX    80 7D CA 00 26 00
   93053.863 RX    26 00 26 00 26 00 00 00
   93053.954 TX    80
   93064.391 RX    80 80 1C
   93085.208 RX    01 35 8C 72 72
   93095.832 RX    FF 2B 86 25 00
   93116.660 RX    80 01 00 00
   93137.619 RX    00 1D 81 00 02 36
   93147.823 RX    00 44 07 68 10
   93168.240 RX    00 01
   93168.302 TX    7D
   93178.493 RX    7D 7D 21
   93198.866 RX    00 0A FF 91
   93209.063 RX    00 28 FF FF 01
   93229.556 RX    00 89 64 00
   93239.736 RX    04 1E FF 00 30
   93260.084 RX    80 7D 14 00 26 00
   93280.456 RX    26 00 26 00 26 00 00 00
   93280.509 TX    80
   93290.775 RX    80 80
   93311.249 RX    1C 00 00 8C 72 73
   93321.466 RX    FF 39 85 25 00
   93341.807 RX    80 01 00 00 00
   93351.982 RX    1D 81 00 03 6B 00
   93372.322 RX    30 0A 5A 00 00 01
   93372.369 TX    7D
   93392.682 RX    7D 7D 21 00
   93402.864 RX    0A FF 91 00
   93423.214 RX    28 FF FF 01 00
   93433.389 RX    89 64 00 04 1E
   93453.720 RX    FF 00 30 80 7C 95
   93463.921 RX    00 26 00 26 00 26 00 26 00
   93484.373 RX    00 00
   93484.416 TX    80
   93504.726 RX    80 80 1C 00 00
   93514.958 RX    8C 72 73 FF 46
   93535.300 RX    85 26 00 80 01
   93545.482 RX    00 00 00 1D
   93565.819 RX    81 00 03 6B 00 30
   93575.995 RX    0A 5A 00 00 01
   93576.039 TX    7D
   93597.024 RX    7D 7D 21 00 0A
   93617.736 RX    FF 91 00 28 FF
   93628.341 RX    FF 01 00 89 64
   93649.407 RX    00 00 1E FF 00
   93659.595 RX    30 80 7C 95 00 26
   93679.981 RX    00 26 00 26 00 26 00 00 00
   93680.035 TX    80
   93690.321 RX    80 80 1C
   93710.825 RX    00 00 8C 72 73
   93721.017 RX    FF 50 85 26 00
   93741.384 RX    80 01 00 00 00
   93751.570 RX    1D 81 00 03 6B 00
   93771.941 RX    30 0A 8C 00 00 01
   93771.986 TX    7D
   93792.308 RX    7D 7D 21 00
   93802.481 RX    0A FF 91 00 27
   93822.839 RX    FF FF 01 00 89
   93833.012 RX    64 00 00 1E FF
   93853.359 RX    00 30 80 7C 95 00
   93863.531 RX    26 00 26 00 26 00 26 00 00
   93883.893 RX    00
   93883.935 TX    80
   93904.372 RX    80 80 1C 00
   93914.565 RX    00 8C 72 73 FF 59
   93934.913 RX    84 25 00 80 01
   93945.104 RX    00 00 00 1D 81
   93965.467 RX    00 03 6B 00 30 0A
   93975.652 RX    8C 00 00 01
   93975.696 TX    7D
   93996.036 RX    7D 7D 21 00 0A
   94016.528 RX    FF 91 00 27 FF
   94026.706 RX    FF 01 00 89 64
   94047.138 RX    00 00 1E FF 00
   94057.460 RX    30 80 7C 95 00 26 00
   94077.912 RX    26 00 26 00 26 00 00 00
   94078.025 TX    80
   94088.806 RX    80 80 1C
   94110.005 RX    00 00 8C 72 73 FF
   94120.440 RX    5F 84 24 00 80
   94141.015 RX    01 00 00 00 1D
   94151.339 RX    81 00 03 6B 00 30
   94171.780 RX    0A 8C 00 00 01
   94171.855 TX    7D
   94192.395 RX    7D 7D 21 00
   94202.609 RX    0A FF 91 00 27
   94223.017 RX    FF FF 01 00 89
   94233.238 RX    64 00 00 1E FF
   94253.576 RX    00 30 80 7C 95 00
   94263.789 RX    26 00 26 00 26 00 26 00 00
   94284.463 RX    00
   94284.517 TX    80
   94304.936 RX    80 80 1C
   94315.148 RX    00 00 8C 72 73 FF 63
   94335.469 RX    84 24 00 80 01
   94345.675 RX    00 00 00 1D 81
   94366.316 RX    00 03 6B 00 30 0A 8C
   94376.536 RX    00 00 01
   94376.584 TX    7D
   94397.005 RX    7D 7D 21 00 0A
   94407.422 RX    FF 91 00 26 FF
   94428.081 RX    FF 01 00 89 64 00
   94448.649 RX    00 1E FF 00 30
   94458.835 RX    80 7C 95 00 26 00 26
   94479.226 RX    00 26 00 26 00 00 00
   94479.285 TX    80
   94489.462 RX    80 80 1C
   94509.863 RX    00 00 8C 72 73 FF
   94520.311 RX    64 84 24 00 80
   94540.927 RX    01 00 00 00 1D 81
   94551.319 RX    00 03 6B 00
   94624.542 RX    30 0A
   94635.272 RX    8C 00 00 01
   94635.399 TX    7D
   94656.553 RX    7D 7D 21 00
   94666.754 RX    0A FF 91 00 26
   94687.146 RX    FF FF 01 00 89
   94697.318 RX    64 00 00 1E FF
   94717.715 RX    00 30 80 7C 95 00
   94727.895 RX    26 00 26 00 26 00 26 00 00
   94748.234 RX    00
   94748.296 TX    80
   94768.599 RX    80 80 1C 00 00
   94778.774 RX    8C 72 73 FF 65
   94799.205 RX    84 24 00 80 01
   94809.386 RX    00 00 00 1D 81
   94829.735 RX    20 03 6B 00 30 0A 8C
   94839.976 RX    00 00 01
   94840.020 TX    7D
   94860.447 RX    7D 7D 21 00 0A
   94880.799 RX    FF 91 00 26 FF
   94891.050 RX    FF 01 00 89 64
   94911.405 RX    00 00 1E FF 00
   94921.580 RX    30 80 7C 95 00 26 00
   94941.949 RX    26 00 26 00 26 00 00 00
   94941.996 TX    80
   94952.182 RX    80 80 1C
   94972.592 RX    00 00 8C 72 73 FF
   94992.969 RX    65 83 24 00 80
   95003.195 RX    01 00 00 00 1D
   95023.752 RX    81 38 03 6B 00 30
   95033.955 RX    0A BE 00 00 01
   95034.000 TX    7D
   95054.541 RX    7D 7D 21 00
   95064.775 RX    0A FF 91 00 25
   95085.355 RX    FF FF 01 00 89
   95096.501 RX    64 00 00 1E FF
   95117.254 RX    00 30 80 7C 95 00
   95127.791 RX    26 00 26 00 26 00 26 00 00
   95148.332 RX    00
   95148.397 TX    80
   95168.868 RX    80 80 1C
   95179.064 RX    00 00 8C 72 73 FF
   95199.401 RX    65 83 24 00 80
   95209.573 RX    01 00 00 00 1D
   95229.918 RX    81 4A 03 6B 00 30
   95240.093 RX    0A BE 00 00 00
   95240.139 TX    7D
   95260.463 RX    7D 7D 21 40 0A
   95280.819 RX    FF 91 00 25 FF
   95290.985 RX    FF 01 00 89 64
   95311.409 RX    00 00 1E FF 00
   95321.590 RX    30 80 7C 95 00 26
   95342.009 RX    00 26 00 26 00 26 00 00 00
   95342.064 TX    80
   95352.252 RX    80 80 1C
   95372.601 RX    00 00 8C 72 73
   95393.001 RX    FF 65 83 24 00
   95403.293 RX    80 01 00 00 00
   95423.869 RX    1D 81 4A 03 6B 00
   95434.233 RX    30 0A BE 00 00 00
   95434.299 TX    7D
   95454.746 RX    7D 7D 21 40
   95465.022 RX    0A FF 91 00 25
   95485.370 RX    FF FF 01 00 89
   95495.545 RX    64 00 00 1E FF
   95515.875 RX    00 30 80 7C 95 00
   95536.309 RX    26 00 26 00 26 00 26 00 00
   95546.549 RX    00
   95546.599 TX    80
   95567.056 RX    80 80 1C 00 00
   95577.304 RX    8C 72 73 FF 65
   95597.713 RX    83 24 00 80 01
   95607.967 RX    00 00 00 1D 81
   95628.910 RX    4A 03 6B 00 30 0A
   95639.624 RX    BE 00 00 00
   95639.707 TX    7D
   95660.313 RX    7D 7D 21 40
   95680.709 RX    0A FF 91 00 24
   95690.884 RX    FF FF 01 00 89
   95711.219 RX    64 00 00 1E FF
   95721.412 RX    00 30 80 7C 95 00
   95741.759 RX    26 00 26 00 26 00 26 00 00
   95751.932 RX    00
   95751.977 TX    80
   95772.288 RX    80 80 1C 00 00 8C
   95792.639 RX    72 73 FF 65 83
   95802.814 RX    24 00 80 01 00
   95823.145 RX    00 00 1D 81 4A
   95833.303 RX    03 6B 00 30 0A BE 00
   95853.634 RX    00 00
   95853.677 TX    7D
   95863.845 RX    7D 7D 21
   95884.303 RX    40 0A FF 91 00
   95894.904 RX    24 FF FF 01 00
   95915.457 RX    89 64 00 00 1E
   95935.782 RX    FF 00 30 80 7C
   95945.961 RX    95 00 26 00 26 00 26 00
   95966.294 RX    26 00 00 00
   95966.338 TX    80
   95976.597 RX    80 80 1C
   95997.245 RX    00 00 8C 72 73
   96007.449 RX    FF 65 83 24 00
   96027.829 RX    80 01 00 00 00
   96048.217 RX    1D 81 4A 03 6B 00
   96058.415 RX    30 0A BE 00 00 00
   96058.456 TX    7D
   96078.924 RX    7D 7D 21 40
   96089.121 RX    0A FF 91 00 24
   96109.930 RX    FF FF 01 00 89
   96120.497 RX    64 00 00 1E FF
   96141.112 RX    00 30 80 7C 95 00
   96151.867 RX    26 00 26 00 26 00 26 00 00
   96173.506 RX    00
   96173.594 TX    80
   96183.981 RX    80 80 1C
   96204.698 RX    00 00 8C 72 73 FF
   96215.314 RX    65 83 24 00 80
   96236.393 RX    01 00 00 00 1D
   96247.015 RX    81 4A 03 6B 00 30
   96267.929 RX    0A BE 00 00 00
   96268.006 TX    7D
   96289.002 RX    7D 7D 21 40
   96299.727 RX    0A FF 91 00
   96320.916 RX    23 FF FF 01 00
   96331.369 RX    89 64 00 00 1E
   96352.556 RX    FF 00 30 80 7C 95
   96363.180 RX    00 26 00 26 00 26 00 26 00
   96384.039 RX    00 00
   96384.133 TX    80
   96394.740 RX    80 80
   96415.929 RX    1C 00 00 8C 72 73
   96426.586 RX    FF 65 82 24 00
   96447.743 RX    80 01 00 00 00
   96458.382 RX    1D 81 4A 03 6B 00
   96479.127 RX    30 0A F0 00 00 00
   96479.191 TX    7D
   96489.378 RX    7D 7D 21
   96509.901 RX    40 0A FF 91 00
   96520.362 RX    23 FF FF 01 00
   96541.388 RX    89 64 00 00 1E
   96552.189 RX    FF 00 30 80 7C
   96572.882 RX    95 00 26 00 26 00 26 00 26
   96583.439 RX    00 00 00
   96583.516 TX    80
   96604.759 RX    80 80 1C 00 00
   96615.363 RX    8C 72 73 FF 65
   96636.488 RX    82 24 00 80 01
   96647.125 RX    00 00 00 1D 81
   96668.393 RX    4A 03 6B 00 30 0A F0
   96688.775 RX    00 00 00
   96688.824 TX    7D
   96698.999 RX    7D 7D
   96719.322 RX    21 40 0A FF 91
   96729.546 RX    00 23 FF FF 01
   96749.888 RX    00 89 64 00 00
   96760.092 RX    1E FF 00 30 80
   96780.534 RX    7C 95 00 26 00 26 00 26
   96790.704 RX    00 26 00 00 00
   96790.750 TX    80
   96811.264 RX    80 80 1C 00 00 8C
   96831.673 RX    72 73 FF 65 81
   96841.877 RX    24 00 80 01 00
   96862.266 RX    00 00 1D 81
   96872.477 RX    4A 03 6B 00 30 0A F0
   96892.893 RX    00 00 00
   96892.939 TX    7D
   96903.289 RX    7D 7D 21
   96923.733 RX    40 0A FF 91 00
   96944.291 RX    22 FF FF 01 00
   96954.554 RX    89 64 00 00 1E
   96974.935 RX    FF 00 30 80 7C 95
   96985.125 RX    00 26 00 26 00 26 00 26 00
   97005.628 RX    00 00
   97005.678 TX    80
   97015.887 RX    80 80 1C
   97036.379 RX    00 00 8C 72 73 FF
   97046.738 RX    65 81 24 00 80
   97067.213 RX    01 00 00 00 1D
   97087.797 RX    81 4A 03 6B 00 30
   97098.369 RX    0B 22 00 00 00
   97098.652 TX    7D
   97119.789 RX    7D 7D 21 40
   97130.537 RX    0A FF 91 00
   97151.091 RX    22 FF FF 01 00
   97161.671 RX    89 64 00 00 1E
   97182.324 RX    FF 00 30 80 7C 95
   97192.518 RX    00 26 00 26 00 26 00 26 00
   97212.958 RX    00 00
   97213.011 TX    80
   97223.165 RX    80 80 1C
   97243.594 RX    00 00 8C 72 73 FF
   97263.952 RX    65 80 24 00 80
   97274.115 RX    01 00 00 00 1D
   97294.467 RX    81 4A 03 6B 00 30
   97304.676 RX    0B 22 00 00 00
   97304.733 TX    7D
   97324.965 RX    7D 7D 21 40 0A
   97335.157 RX    FF 91 00 22 FF
   97355.531 RX    FF 01 00 89 64
   97375.894 RX    00 00 1E FF 00
   97386.083 RX    30 80 7C 95 00
   97406.461 RX    26 00 26 00 26 00 26 00 00
   97416.649 RX    00
   97416.694 TX    80
   97437.029 RX    80 80 1C 00 00
   97447.340 RX    8C 72 73 FF 65
   97467.682 RX    80 24 00 80 01
   97488.042 RX    00 00 00 1D 81
   97498.236 RX    4A 03 6B 00 30 0B 54
   97518.550 RX    00 00 00
   97518.594 TX    7D
   97528.791 RX    7D 7D 21
   97549.325 RX    40 0A FF 91 00
   97559.542 RX    22 FF FF 01 00
   97580.148 RX    89 64 00 00 1E
   97600.718 RX    FF 00 30 80 7C
   97611.445 RX    95 00 26 00 26 00 26 00 26
   97632.573 RX    00 00 00
   97632.713 TX    80
   97643.365 RX    80 80
   97664.749 RX    1C 00 00 8C 72 73
   97675.223 RX    FF 65 7F 24
   97695.733 RX    00 80 01 00 00
   97705.905 RX    00 1D 81 4A 03 6B
   97726.293 RX    00 30 0B 54 00 00
   97736.481 RX    00
   97736.528 TX    7D
   97756.865 RX    7D 7D 21 40
   97767.048 RX    0A FF 91 00 21
   97787.415 RX    FF FF 01 00 89
   97807.782 RX    64 00 00 1E FF
   97817.963 RX    00 30 80 7C 95 00
   97838.339 RX    26 00 26 00 26 00 26 00 00
   97848.549 RX    00
   97848.595 TX    80
   97868.956 RX    80 80 1C 00 00 8C
   97879.157 RX    72 73 FF 65 7F
   97899.484 RX    24 00 80 01 00
   97919.854 RX    00 00 1D 81 4A
   97930.056 RX    03 6B 00 30 0B 54
   97950.418 RX    00 00 00
   97950.460 TX    7D
   97960.638 RX    7D 7D
   97981.018 RX    21 40 0A FF 91
   97991.208 RX    00 21 FF FF 01
   98011.580 RX    00 89 64 00 00
   98031.967 RX    1E FF 00 30 80
   98042.169 RX    7C 95 00 26 00 26 00 26 00
   98062.528 RX    26 00 00 00
   98062.573 TX    80
   98072.732 RX    80 80
   98093.151 RX    1C 00 00 8C 72 73
   98103.319 RX    FF 65 7E 24 00
   98124.257 RX    80 01 00 00 00
   98134.730 RX    1D 81 4A 03 6B 00
   98155.522 RX    30 0B 86 00 00 00
   98155.634 TX    7D
   98176.419 RX    7D 7D 21 40
   98186.668 RX    0A FF 91 00 21
   98207.149 RX    FF FF 01 00 89
   98217.745 RX    64 00 00 1E
   98238.128 RX    FF 00 30 80 7C 95
   98248.306 RX    00 26 00 26 00 26 00 26 00
   98268.733 RX    00 00
   98268.784 TX    80
   98278.962 RX    80 80 1C
   98299.316 RX    00 00 8C 72 73 FF
   98319.705 RX    65 7E 24 00 80
   98329.906 RX    01 00 00 00 1D
   98350.297 RX    81 4A 03 6B 00 30
   98360.487 RX    0B 86 00 00 00
   98360.530 TX    7D
   98380.889 RX    7D 7D 21 40 0A
   98391.082 RX    FF 91 00 21 FF
   98411.461 RX    FF 01 00 89 64
   98431.836 RX    00 00 1E FF 00
   98442.029 RX    30 80 7C 95 00 26
   98462.524 RX    00 26 00 26 00 26 00 00
   98472.729 RX    00
   98472.788 TX    80
   98493.231 RX    80 80 1C 00 00
   98503.442 RX    8C 72 73 FF 65
   98523.871 RX    7D 24 00 80 01
   98544.351 RX    00 00 00 1D 81
   98554.592 RX    4A 03 6B 00 30 0B B8
   98574.961 RX    00 00 00
   98575.003 TX    7D
   98585.177 RX    7D 7D
   98605.926 RX    21 40 0A FF 91
   98616.461 RX    00 21 FF FF 01
   98637.192 RX    00 89 64 00 00
   98647.617 RX    1E FF 00 30 80
   98668.739 RX    7C 95 00 26 00 26 00 26
   98679.627 RX    00 26 00 00 00
   98679.706 TX    80
   98700.239 RX    80 80 1C 00 00 8C
   98710.469 RX    72 73 FF 65 7C
   98730.878 RX    24 00 80 01
   98751.284 RX    00 00 00 1D 81
   98761.582 RX    4A 03 6B 00 30 0B EA
   98781.989 RX    00 00 00
   98782.039 TX    7D
   98792.229 RX    7D 7D
   98812.694 RX    21 40 0A FF 91
   98822.918 RX    00 21 FF FF 01
   98843.686 RX    00 89 64 00 00
   98864.070 RX    1E FF 00 30 80
   98874.264 RX    7C 95 00 26 00 26 00 26 00
   98894.718 RX    26 00 00 00
   98894.764 TX    80
   98904.975 RX    80 80 1C
   98925.473 RX    00 00 8C 72 73 FF
   98935.655 RX    65 7C 24 00 80
   98955.991 RX    01 00 00 00 1D
   98966.317 RX    81 4A 03 6B 00 30
   98986.671 RX    0B EA 00 00 00
   98986.715 TX    7D
   99007.011 RX    7D 7D 21
   99017.313 RX    40 0A FF 91 00
   99037.716 RX    21 FF FF 01 00
   99047.939 RX    89 64 00 00 1E
   99068.371 RX    FF 00 30 80 7C 95
   99078.585 RX    00 26 00 26 00 26 00 26 00
   99098.975 RX    00 00
   99099.023 TX    80
   99119.519 RX    80 80 1C
   99129.816 RX    00 00 8C 72 73 FF
   99150.810 RX    65 7D 24 00 80
   99161.394 RX    01 00 00 00 1D
   99183.309 RX    81 4A 03 6B 00 30
   99193.519 RX    0B B8 00 00 00
   99193.572 TX    7D
   99213.924 RX    7D 7D 21 40
   99224.143 RX    0A FF 91 00 21
   99244.546 RX    FF FF 01 00 89
   99254.750 RX    64 00 00 1E
   99275.156 RX    FF 00 30 80 7C 95
   99295.585 RX    00 26 00 26 00 26 00 26 00
   99305.800 RX    00 00
   99305.853 TX    80
   99326.207 RX    80 80 1C 00 00
   99336.398 RX    8C 72 73 FF 65
   99356.768 RX    7D 24 00 80 01
   99366.967 RX    00 00 00 1D 81
   99387.320 RX    4A 03 6B 00 30 0B B8
   99407.696 RX    00 00 00
   99407.741 TX    7D
   99417.907 RX    7D 7D
   99438.322 RX    21 40 0A FF 91
   99448.524 RX    00 20 FF FF 01
   99468.897 RX    00 89 64 00 00
   99479.092 RX    1E FF 00 30 80
   99499.494 RX    7C 95 00 26 00 26 00 26
   99519.869 RX    00 26 00 00 00
   99519.914 TX    80
   99530.131 RX    80 80
   99550.724 RX    1C 00 00 8C 72 73
   99560.992 RX    FF 65 7D 24
   99581.556 RX    00 80 01 00 00
   99591.786 RX    00 1D 81 4A 03 6B
   99612.307 RX    00 30 0B B8 00 00
   99622.877 RX    00
   99622.953 TX    7D
   99644.150 RX    7D 7D 21 40 0A
   99654.633 RX    FF 91 00 20 FF
   99675.558 RX    FF 01 00 89 64
   99696.496 RX    00 00 1E FF 00
   99706.806 RX    30 80 7C 95 00 26
   99727.211 RX    00 26 00 26 00 26 00 00 00
   99727.292 TX    80
   99737.723 RX    80 80 1C
   99758.157 RX    00 00 8C 72 73 FF
   99768.319 RX    65 7D 24 00 80
   99788.813 RX    01 00 00 00
   99799.003 RX    1D 81 4A 03 6B 00
   99819.382 RX    30 0B B8 00 00 00
   99819.432 TX    7D
   99839.747 RX    7D 7D 21
   99849.941 RX    40 0A FF 91 00
   99870.302 RX    20 FF FF 01 00
   99880.503 RX    89 64 00 00 1E
   99901.019 RX    FF 00 30 80 7C 95
   99911.210 RX    00 26 00 26 00 26 00 26 00
   99931.521 RX    00 00
   99931.578 TX    80
   99941.888 RX    80 80 1C
   99962.257 RX    00 00 8C 72 73 FF
   99982.751 RX    65 7E 24 00 80
   99992.958 RX    01 00 00 00 1D
  100013.321 RX    81 38 03 6B 00 30
  100023.499 RX    0B 86 00 00 01
  100023.540 TX    7D
  100043.854 RX    7D 7D 21 00
  100054.055 RX    0A FF 91 00 20
  100074.449 RX    FF FF 01 00 89
  100094.811 RX    64 00 00 1E FF
  100105.328 RX    00 30 80 7C 95 00
  100126.522 RX    26 00 26 00 26 00 26 00 00
  100136.999 RX    00
  100137.097 TX    80
  100158.041 RX    80 80 1C 00 00 8C
  100168.715 RX    72 73 FF 65 7E
  100189.821 RX    24 00 80 01 00
  100200.941 RX    00 00 1D 81 1E
  100221.666 RX    03 6B 00 30 0B 86 00
  100231.970 RX    00 01
  100232.043 TX    7D
  100252.486 RX    7D 7D 21 00 0A
  100262.683 RX    FF 91 00 1F FF
  100283.203 RX    FF 01 00 89 64
  100303.723 RX    00 00 1E FF 00
  100314.000 RX    30 80 7C 95 00 26
  100334.401 RX    00 26 00 26 00 26 00 00 00
  100334.457 TX    80
  100344.758 RX    80 80 1C
  100365.131 RX    00 00 8C 72 73 FF
  100375.319 RX    65 7E 24 00 80
  100395.673 RX    01 00 00 00 1D
  100405.892 RX    81 05 03 6B 00 30
  100426.288 RX    0B 86 00 00 01
  100426.339 TX    7D
  100446.660 RX    7D 7D 21 00
  100456.849 RX    0A FF 91 00 1F
  100477.315 RX    FF FF 01 00 89
  100487.513 RX    64 00 00 1E FF
  100507.873 RX    00 30 80 7C 95 00
  100518.069 RX    26 00 26 00 26 00 26 00 00
  100538.804 RX    00
  100538.851 TX    80
  100559.265 RX    80 80 1C 00 00
  100569.524 RX    8C 72 73 FF 65
  100589.889 RX    7E 24 00 80 01
  100600.091 RX    00 00 00 1D 81
  100620.530 RX    00 03 6B 00 30 0B 86
  100630.727 RX    00 00 01
  100630.767 TX    7D
  100651.472 RX    7D 7D 21 00 0A
  100662.185 RX    FF 91 00 1F FF
  100683.259 RX    FF 01 00 89 64
  100693.865 RX    00 00 1E FF 00
  100714.639 RX    30 80 7C 95 00 26 00
  100735.083 RX    26 00 26 00 26 00 00 00
  100735.154 TX    80
  100745.627 RX    80 80
  100766.684 RX    1C 00 00 8C 72 73
  100777.329 RX    FF 65 7E 24 00
  100798.055 RX    80 01 00 00 00
  100808.636 RX    1D 81 00 03 6B 00
  100829.880 RX    30 0B 86 00 00 01
  100829.985 TX    7D
  100840.619 RX    7D 7D 21
  100861.793 RX    00 0A FF 91 00
  100872.391 RX    1F FF FF 01 00
  100893.317 RX    89 64 00 00 1E
  100903.853 RX    FF 00 30 80 7C 95
  100924.793 RX    00 26 00 26 00 26 00 26 00
  100935.352 RX    00 00
  100935.467 TX    80
  100956.155 RX    80 80 1C 00 00
  100966.818 RX    8C 72 73 FF 65
  100987.763 RX    7E 24 00 80 01
  100998.343 RX    00 00 00 1D 81
  101019.482 RX    00 03 6B 00 30 0B 86
  101030.136 RX    00 00 01
  101030.230 TX    7D
  101051.379 RX    7D 7D 21 00 0A
  101062.024 RX    FF 91 00 1F FF
  101082.735 RX    FF 01 00 89 64
  101103.497 RX    00 00 1E FF 00
  101114.088 RX    30 80 7C 95 00 26 00
  101135.153 RX    26 00 26 00 26 00 00 00
  101135.264 TX    80
  101145.748 RX    80 80
  101167.029 RX    1C 00 00 8C 72 73
  101177.635 RX    FF 65 7E 24 00
  101198.630 RX    80 01 00 00 00
  101208.905 RX    1D 81 00 03 6B 00
  101229.567 RX    30 0B 86 00 00 01
  101229.615 TX    7D
  101239.855 RX    7D 7D
  101260.445 RX    21 00 0A FF 91
  101270.963 RX    00 1F FF FF 01
  101291.836 RX    00 89 64 00 00
  101302.376 RX    1E FF 00 30 80
  101323.859 RX    7C 95 00 26 00 26 00 26 00
  101334.513 RX    26 00 00 00
  101334.607 TX    80
  101355.793 RX    80 80 1C 00 00 8C
  101366.371 RX    72 73 FF 65 7E
  101387.081 RX    24 00 80 01 00
  101397.831 RX    00 00 1D 81 00
  101418.779 RX    03 6B 00 30 0B 86 00
  101429.679 RX    00 01
  101429.759 TX    7D
  101451.112 RX    7D 7D 21 00 0A
  101461.574 RX    FF 91 00 1F FF
  101482.604 RX    FF 01 00 89 64
  101503.657 RX    00 00 1E FF 00
  101514.398 RX    30 80 7C 95 00 26
  101535.714 RX    00 26 00 26 00 26 00 00 00
  101535.803 TX    80
  101546.522 RX    80 80
  101567.625 RX    1C 00 00 8C 72 73
  101578.381 RX    FF 65 7E 24 00
  101599.495 RX    80 01 00 00 00
  101610.265 RX    1D 81 00 03 6B 00
  101631.612 RX    30 0B 86 00 00 01
  101631.726 TX    7D
  101642.381 RX    7D 7D
  101663.778 RX    21 00 0A FF 91
  101674.491 RX    00 1E FF FF 01
  101695.327 RX    00 89 64 00 00
  101705.979 RX    1E FF 00 30 80
  101726.540 RX    7C 95 00 26 00 26 00 26 00
  101736.737 RX    26 00 00 00
  101736.786 TX    80
  101757.622 RX    80 80 1C 00 00
  101768.381 RX    8C 72 73 FF 65
  101789.529 RX    7F 24 00 80 01
  101800.321 RX    00 00 00 1D 81
  101821.631 RX    00 03 6B 00 30 0B 54
  101832.371 RX    00 00 01
  101832.484 TX    7D
  101853.580 RX    7D 7D 21 00
  101864.366 RX    0A FF 91 00 1E
  101885.324 RX    FF FF 01 00 89
  101895.748 RX    64 00 00 1E FF
  101916.665 RX    00 30 80 7C 95 00
  101927.210 RX    26 00 26 00 26 00 26 00 00
  101948.511 RX    00
  101948.599 TX    80
  101959.009 RX    80 80 1C
  101980.364 RX    00 00 8C 72 73 FF
  101990.892 RX    65 7F 24 00 80
  102011.957 RX    01 00 00 00 1D
  102022.726 RX    81 00 03 6B 00
  102095.064 RX    30
  102105.611 RX    0B 54 00 00 01
  102105.700 TX    7D
  102126.887 RX    7D 7D 21 00
  102137.365 RX    0A FF 91 00 1E
  102158.063 RX    FF FF 01 00 89
  102168.673 RX    64 00 00 1E FF
  102189.744 RX    00 30 80 7C 95 00
  102200.160 RX    26 00 26 00 26 00 26 00 00
  102220.643 RX    00
  102220.694 TX    80
  102230.882 RX    80 80 1C
  102251.352 RX    00 00 8C 72 73 FF
  102261.560 RX    65 7F 24 00 80
  102282.000 RX    01 00 00 00 1D
  102302.387 RX    81 20 03 6B 00 30
  102312.577 RX    0B 54 00 00 01
  102312.625 TX    7D
  102332.930 RX    7D 7D 21 00
  102343.122 RX    0A FF 91 00 1E
  102363.492 RX    FF FF 01 00 89
  102373.672 RX    64 00 00 1E FF
  102394.096 RX    00 30 80 7C 95 00
  102414.730 RX    26 00 26 00 26 00 26 00 00
  102424.902 RX    00
  102424.944 TX    80
  102445.365 RX    80 80 1C 00 00
  102455.554 RX    8C 72 73 FF 65
  102475.889 RX    7F 24 00 80 01
  102486.117 RX    00 00 00 1D 81
  102506.550 RX    39 03 6B 00 30 0B 54
  102527.031 RX    00 00 01
  102527.074 TX    7D
  102537.371 RX    7D 7D
  102557.738 RX    21 00 0A FF 91
  102567.993 RX    00 1E FF FF 01
  102588.518 RX    00 89 64 00 00
  102598.714 RX    1E FF 00 30 80
  102619.149 RX    7C 95 00 26 00 26 00 26 00
  102629.464 RX    26 00 00 00
  102629.521 TX    80
  102650.211 RX    80 80 1C 00 00 8C
  102670.775 RX    72 73 FF 65 7F
  102680.975 RX    24 00 80 01 00
  102701.336 RX    00 00 1D 81 53
  102711.577 RX    03 6B 00 30 0B 54 00
  102732.267 RX    00 01
  102732.377 TX    7D
  102742.688 RX    7D 7D 21
  102763.112 RX    00 0A FF 91 00
  102773.438 RX    1E FF FF 01 00
  102793.857 RX    89 64 00 00 1E
  102814.435 RX    FF 00 30 80 7C 95
  102824.653 RX    00 26 00 26 00 26 00 26 00
  102845.122 RX    00 00
  102845.239 TX    80
  102855.658 RX    80 80 1C
  102876.238 RX    00 00 8C 72 73 FF
  102886.654 RX    65 7F 24 00 80
  102907.218 RX    01 00 00 00 1D
  102917.513 RX    81 59 03 6B 00 30
  102937.911 RX    0B 54 00 00 01
  102937.960 TX    7D
  102958.370 RX    7D 7D 21 00
  102968.609 RX    0A FF 91 00 1E
  102989.137 RX    FF FF 01 00 89
  102999.356 RX    64 00 00 1E FF
  103019.775 RX    00 30 80 7C 95 00
  103029.998 RX    26 00 26 00 26 00 26 00 00
  103050.405 RX    00
  103050.459 TX    80
  103070.794 RX    80 80 1C
  103081.133 RX    00 00 8C 72 73 FF
  103101.541 RX    65 7F 24 00 80
  103111.758 RX    01 00 00 00 1D
  103132.199 RX    81 59 03 6B 00 30 0B
  103142.397 RX    54 00 00 01
  103142.446 TX    7D
  103162.781 RX    7D 7D 21 00 0A
  103173.024 RX    FF 91 00 1D FF
  103193.527 RX    FF 01 00 89 64
  103213.922 RX    00 00 1E FF 00
  103224.687 RX    30 80 7C 95 00 26
  103245.113 RX    00 26 00 26 00 26 00 00 00
  103245.165 TX    80
  103255.332 RX    80 80 1C
  103275.688 RX    00 00 8C 72 73 FF
  103285.868 RX    65 7F 24 00 80
  103306.343 RX    01 00 00 00 1D
  103326.863 RX    81 59 03 6B 00 30
  103337.164 RX    0B 54 00 00 01
  103337.248 TX    7D
  103357.639 RX    7D 7D 21 00
  103367.877 RX    0A FF 91 00 1D
  103388.534 RX    FF FF 01 00 89
  103398.906 RX    64 00 00 1E FF
  103419.485 RX    00 30 80 7C 95 00
  103429.673 RX    26 00 26 00 26 00 26 00 00
  103450.154 RX    00
  103450.244 TX    80
  103470.752 RX    80 80 1C 00
  103481.066 RX    00 8C 72 73 FF 65
  103501.609 RX    7F 24 00 80 01
  103511.863 RX    00 00 00 1D 81
  103532.428 RX    59 03 6B 00 30 0B
  103542.665 RX    54 00 00 01
  103542.725 TX    7D
  103563.363 RX    7D 7D 21 00 0A
  103573.834 RX    FF 91 00 1D FF
  103594.362 RX    FF 01 00 89 64
  103615.199 RX    00 00 1E FF 00
  103625.491 RX    30 80 7C 95 00 26 00
  103646.089 RX    26 00 26 00 26 00 00 00
  103646.151 TX    80
  103656.447 RX    80 80
  103676.921 RX    1C 00 00 8C 72 73
  103687.149 RX    FF 65 7F 24 00
  103707.546 RX    80 01 00 00 00
  103717.768 RX    1D 81 59 03 6B 00
  103738.085 RX    30 0B 54 00 00 01
  103738.174 TX    7D
  103758.669 RX    7D 7D 21 00
  103768.964 RX    0A FF 91 00 1D
  103789.542 RX    FF FF 01 00 89
  103799.747 RX    64 00 00 1E FF
  103820.170 RX    00 30 80 7C 95 00
  103830.467 RX    26 00 26 00 26 00 26 00 00
  103850.949 RX    00
  103851.004 TX    80
  103861.339 RX    80 80 1C
  103881.863 RX    00 00 8C 72 73 FF
  103902.484 RX    65 7F 24 00 80
  103912.744 RX    01 00 00 00 1D
  103933.377 RX    81 59 03 6B 00 30
  103943.673 RX    0B 54 00 00 01
  103943.738 TX    7D
  103964.209 RX    7D 7D 21 00
  103974.518 RX    0A FF 91 00 1D
  103995.197 RX    FF FF 01 00 89
  104005.486 RX    64 00 00 1E FF
  104026.040 RX    00 30 80 7C 95 00
  104046.765 RX    26 00 26 00 26 00 26 00 00
  104057.106 RX    00
  104057.243 TX    80
  104077.768 RX    80 80 1C 00
  104088.156 RX    00 8C 72 73 FF 65
  104108.775 RX    7F 24 00 80 01
  104118.996 RX    00 00 00 1D 81
  104139.782 RX    59 03 6B 00 30 0B
  104150.086 RX    54 00 00 01
  104150.147 TX    7D
  104170.699 RX    7D 7D 21 00 0A
  104181.066 RX    FF 91 00 1D FF
  104201.602 RX    FF 01 00 89 64
  104222.177 RX    00 00 1E FF 00
  104233.121 RX    30 80 7C 95 00 26 00
  104253.733 RX    26 00 26 00 26 00 00 00
  104253.798 TX    80
  104263.985 RX    80 80
  104284.476 RX    1C 00 00 8C 72 73
  104294.722 RX    FF 65 7F 24 00
  104315.172 RX    80 01 00 00 00
  104325.466 RX    1D 81 59 03 6B 00
  104345.828 RX    30 0B 54 00 00 01
  104345.871 TX    7D
  104356.624 RX    7D 7D 21
  104357.056 CLOSE 
